student_id,study_hours_per_week,attendance_pct,assignment_completion_pct,previous_term_score,internet_quality,parental_support,extra_classes,sleep_hours_per_night,disciplinary_record,final_exam_score,passed
STD20001,13.1,100,100,56,Fair,Low,0,7.8,1,99,1
STD20002,11.5,49,53,64,Fair,Low,0,7.6,0,80,1
STD20003,4.8,100,87,70,Fair,Medium,0,6.4,0,99,1
STD20004,6.3,73,100,41,Fair,High,1,4.9,1,91,1
STD20005,5.6,81,90,41,Good,Medium,0,7.6,0,100,1
STD20006,18.5,56,54,39,Good,Low,1,7.3,0,100,1
STD20007,14.7,90,55,56,Poor,Low,0,7.9,0,88,1
STD20008,7.7,77,64,53,Good,Medium,1,6.4,0,100,1
STD20009,9.2,75,81,36,Fair,Medium,1,4.6,0,100,1
STD20010,7.9,49,82,60,Good,Low,1,7.5,0,100,1
STD20011,7.6,77,55,57,Fair,High,0,6.8,0,100,1
STD20012,14.3,88,62,76,Poor,Low,0,8.6,0,100,1
STD20013,10.6,73,63,88,Good,High,1,6.8,0,100,1
STD20014,22.4,92,75,65,Poor,High,0,6.7,0,100,1
STD20015,18.3,92,100,48,Good,Medium,0,7.3,0,100,1
STD20016,18.5,67,61,68,Good,Medium,0,6.0,1,100,1
STD20017,15.4,98,60,58,Good,Low,0,6.0,0,100,1
STD20018,9.9,77,58,54,Fair,Medium,1,6.7,0,100,1
STD20019,15.0,77,89,45,Fair,Medium,0,5.6,0,100,1
STD20020,10.3,77,77,51,Fair,Low,0,6.5,1,79,1
STD20021,20.2,77,62,55,Poor,Medium,0,9.3,0,99,1
STD20022,14.0,39,71,70,Good,Low,0,8.2,0,92,1
STD20023,13.3,73,64,66,Fair,Low,0,7.2,0,95,1
STD20024,12.6,57,83,85,Fair,Medium,1,8.8,0,100,1
STD20025,20.7,99,100,68,Poor,Medium,1,5.7,0,100,1
STD20026,4.8,98,88,64,Good,Low,1,9.5,0,100,1
STD20027,21.2,88,76,53,Good,Low,0,6.2,0,100,1
STD20028,11.1,73,66,42,Fair,Low,0,9.4,0,91,1
STD20029,5.0,62,54,49,Fair,Medium,0,9.4,0,75,1
STD20030,8.2,67,91,48,Good,Medium,1,4.5,0,100,1
STD20031,3.7,100,90,20,Fair,Low,1,8.7,1,79,1
STD20032,15.3,66,70,43,Good,Medium,1,6.4,0,100,1
STD20033,6.8,43,100,82,Good,High,0,6.1,0,100,1
STD20034,12.8,90,78,64,Good,Medium,0,7.5,0,100,1
STD20035,17.7,97,92,52,Poor,Medium,1,5.5,0,100,1
STD20036,8.6,99,83,64,Good,Medium,0,7.5,0,100,1
STD20037,10.7,91,75,29,Good,High,1,5.6,0,100,1
STD20038,5.5,93,61,62,Fair,High,1,7.0,0,100,1
STD20039,10.1,77,75,77,Good,Low,0,8.5,1,100,1
STD20040,24.9,47,93,56,Fair,Low,1,7.3,0,100,1
STD20041,15.9,76,69,31,Good,Low,1,6.3,0,100,1
STD20042,10.7,85,86,52,Good,High,1,7.5,1,100,1
STD20043,8.9,74,59,77,Poor,Low,0,5.0,1,71,1
STD20044,11.8,73,92,62,Fair,High,0,5.7,0,100,1
STD20045,12.7,63,84,37,Poor,Low,1,6.2,0,100,1
STD20046,9.9,62,56,94,Fair,Medium,0,7.8,0,100,1
STD20047,14.7,100,74,39,Good,Low,0,7.3,0,100,1
STD20048,7.2,100,95,54,Fair,Medium,0,7.5,1,96,1
STD20049,7.2,76,55,42,Good,Medium,0,6.8,0,100,1
STD20050,13.9,80,59,42,Poor,Medium,1,5.8,0,90,1
STD20051,6.2,62,77,51,Good,Medium,0,8.7,0,100,1
STD20052,15.6,85,100,68,Good,Medium,0,5.9,0,100,1
STD20053,11.9,100,66,77,Good,Medium,0,7.3,0,100,1
STD20054,2.9,55,87,52,Good,High,0,6.7,0,96,1
STD20055,12.5,82,83,43,Good,High,0,7.5,0,100,1
STD20056,3.6,84,67,65,Fair,Medium,0,6.0,0,85,1
STD20057,15.5,83,81,66,Good,Medium,0,8.2,0,100,1
STD20058,10.8,99,70,62,Poor,High,0,8.6,1,99,1
STD20059,21.3,100,72,62,Fair,Medium,1,8.1,0,100,1
STD20060,17.4,73,48,56,Fair,High,0,7.0,0,100,1
STD20061,6.7,85,78,59,Good,High,1,6.2,0,100,1
STD20062,1.9,77,94,55,Good,Low,0,9.5,0,88,1
STD20063,8.2,67,79,74,Fair,Low,1,5.5,0,88,1
STD20064,5.9,80,98,91,Good,Medium,0,7.9,1,100,1
STD20065,21.1,85,88,61,Poor,Medium,0,7.2,0,100,1
STD20066,11.9,79,77,58,Good,Medium,1,6.7,0,100,1
STD20067,16.7,64,67,62,Poor,High,1,7.0,0,100,1
STD20068,10.6,70,69,48,Fair,Medium,0,6.1,1,83,1
STD20069,11.1,70,52,69,Fair,Medium,1,7.4,0,96,1
STD20070,11.8,64,73,65,Fair,Medium,1,7.2,0,100,1
STD20071,17.5,80,81,52,Good,Low,0,9.5,0,100,1
STD20072,13.6,82,100,72,Good,Medium,1,8.2,0,100,1
STD20073,6.7,90,88,58,Good,High,0,7.5,0,98,1
STD20074,20.1,64,62,43,Poor,Low,1,7.5,0,100,1
STD20075,10.5,68,52,63,Poor,High,1,9.2,0,97,1
STD20076,9.7,98,74,62,Poor,High,1,5.5,0,100,1
STD20077,0.0,74,93,72,Fair,Low,1,6.6,0,82,1
STD20078,15.2,76,74,70,Poor,High,1,4.3,0,100,1
STD20079,12.5,74,88,56,Fair,High,0,7.5,0,100,1
STD20080,12.5,92,75,51,Good,Medium,0,7.9,0,100,1
STD20081,10.0,92,91,58,Good,Low,1,5.5,0,100,1
STD20082,9.1,92,49,63,Good,Medium,0,8.7,0,100,1
STD20083,10.2,76,100,65,Poor,Medium,1,5.9,0,94,1
STD20084,14.3,64,58,63,Fair,Low,0,6.4,0,99,1
STD20085,15.2,100,92,57,Poor,Medium,0,7.0,0,100,1
STD20086,10.8,88,73,73,Fair,High,0,8.9,0,100,1
STD20087,16.7,70,76,48,Fair,Medium,0,5.7,0,100,1
STD20088,11.6,96,74,95,Good,Medium,0,7.2,0,100,1
STD20089,9.5,69,83,69,Fair,High,0,7.8,0,100,1
STD20090,13.0,96,86,41,Fair,Low,1,7.5,0,100,1
STD20091,5.2,97,97,61,Fair,Low,1,7.6,1,94,1
STD20092,13.2,63,100,70,Good,Medium,1,7.8,0,100,1
STD20093,4.3,84,84,53,Poor,Medium,0,6.1,0,88,1
STD20094,6.9,87,100,36,Good,Low,0,9.0,0,85,1
STD20095,1.9,100,80,42,Poor,High,1,6.7,0,86,1
STD20096,11.1,66,97,66,Poor,Low,0,6.5,0,87,1
STD20097,20.0,96,86,32,Good,Medium,0,8.6,1,100,1
STD20098,11.4,76,68,36,Poor,Medium,1,6.0,0,83,1
STD20099,15.2,59,81,66,Good,Medium,0,7.2,0,100,1
STD20100,23.8,74,87,55,Poor,Medium,1,5.9,0,100,1
STD20101,14.0,76,77,48,Fair,Low,0,9.5,0,96,1
STD20102,8.2,61,85,51,Fair,High,0,9.5,0,98,1
STD20103,8.9,80,94,36,Good,High,0,6.7,0,100,1
STD20104,12.0,89,78,65,Good,Medium,1,7.5,0,100,1
STD20105,8.8,79,25,46,Good,Low,1,6.8,0,96,1
STD20106,9.2,68,100,50,Fair,Medium,1,6.3,1,96,1
STD20107,16.9,74,73,63,Poor,Medium,0,7.0,0,95,1
STD20108,17.1,76,63,54,Fair,Low,1,6.7,0,100,1
STD20109,3.8,79,58,47,Fair,Low,1,4.8,0,65,1
STD20110,7.9,92,72,28,Poor,Low,1,7.1,0,89,1
STD20111,9.7,80,68,64,Good,Medium,1,6.7,0,100,1
STD20112,15.0,56,65,59,Fair,Medium,1,7.2,0,100,1
STD20113,17.7,68,66,50,Poor,High,1,6.7,0,100,1
STD20114,25.5,78,88,42,Good,Medium,0,6.3,0,100,1
STD20115,9.7,92,100,58,Fair,Medium,1,7.9,0,100,1
STD20116,9.9,94,93,65,Good,Low,0,7.5,0,100,1
STD20117,14.9,100,98,59,Poor,High,1,8.6,0,100,1
STD20118,8.6,78,71,83,Fair,Low,0,7.4,0,100,1
STD20119,11.3,87,80,69,Fair,Low,0,6.5,0,100,1
STD20120,9.9,56,86,56,Fair,Medium,0,7.6,0,97,1
STD20121,0.0,82,66,69,Good,Medium,0,4.2,0,76,1
STD20122,12.6,61,70,59,Fair,High,0,9.5,0,100,1
STD20123,11.1,75,93,59,Poor,Medium,1,7.2,0,100,1
STD20124,18.4,100,98,77,Poor,Medium,1,9.5,0,100,1
STD20125,12.0,80,79,45,Fair,Medium,0,5.7,0,100,1
STD20126,5.7,64,56,58,Fair,Medium,0,5.3,0,86,1
STD20127,10.7,82,73,76,Good,Medium,1,7.3,1,100,1
STD20128,1.5,69,52,63,Fair,Medium,1,7.3,0,87,1
STD20129,5.9,63,79,52,Poor,Low,0,7.2,0,58,1
STD20130,15.2,100,83,32,Fair,High,1,7.0,0,100,1
STD20131,10.8,91,73,24,Fair,Low,0,6.0,0,73,1
STD20132,16.6,81,82,89,Fair,Low,1,4.9,0,100,1
STD20133,2.2,71,86,63,Good,High,1,7.2,0,100,1
STD20134,10.8,72,83,49,Good,Medium,0,5.1,0,100,1
STD20135,9.6,98,56,63,Good,Medium,0,5.0,0,95,1
STD20136,16.8,80,73,44,Fair,Medium,1,6.3,0,100,1
STD20137,15.4,35,85,53,Poor,Low,0,7.4,0,88,1
STD20138,15.2,100,100,44,Good,High,0,9.4,0,100,1
STD20139,19.7,79,73,37,Fair,Low,0,8.1,1,90,1
STD20140,10.2,81,88,26,Fair,High,1,8.7,0,100,1
STD20141,18.7,91,94,34,Good,Low,0,7.6,0,100,1
STD20142,6.8,83,74,73,Fair,Medium,0,7.3,0,100,1
STD20143,6.6,86,99,43,Good,Medium,1,9.5,0,100,1
STD20144,15.8,70,100,66,Fair,Low,1,5.1,0,100,1
STD20145,4.5,59,100,72,Fair,Medium,0,6.3,0,91,1
STD20146,14.9,80,86,58,Poor,High,0,6.4,0,100,1
STD20147,12.5,96,100,54,Fair,Low,0,8.0,0,100,1
STD20148,17.4,67,67,60,Fair,High,0,5.5,0,100,1
STD20149,11.7,66,100,52,Good,Medium,0,7.8,0,100,1
STD20150,12.3,93,92,76,Good,Medium,0,7.6,0,100,1
STD20151,14.5,70,100,86,Fair,Medium,0,7.9,0,100,1
STD20152,8.7,70,72,80,Fair,Medium,1,7.8,1,98,1
STD20153,8.5,71,93,26,Fair,Medium,0,8.8,0,85,1
STD20154,14.4,75,100,51,Fair,Medium,0,6.7,1,96,1
STD20155,11.9,54,58,58,Good,Medium,1,7.5,0,100,1
STD20156,10.0,68,75,65,Poor,Medium,0,5.8,0,82,1
STD20157,11.6,79,39,32,Good,Medium,1,5.5,0,98,1
STD20158,20.0,79,75,32,Poor,Medium,0,9.1,0,100,1
STD20159,9.8,92,63,78,Poor,Low,0,5.7,0,89,1
STD20160,9.6,100,74,50,Good,Low,0,7.6,0,94,1
STD20161,3.5,97,100,36,Poor,Medium,0,7.5,0,96,1
STD20162,11.8,89,100,41,Fair,High,1,8.3,0,100,1
STD20163,15.3,74,52,64,Poor,Low,0,4.6,0,91,1
STD20164,16.2,67,88,46,Good,Medium,0,8.0,0,100,1
STD20165,12.5,76,92,62,Fair,Low,0,6.7,0,98,1
STD20166,16.8,84,72,43,Poor,Medium,0,6.0,0,100,1
STD20167,15.7,88,81,32,Fair,Medium,0,6.5,1,93,1
STD20168,17.6,85,83,79,Poor,Medium,0,8.1,1,99,1
STD20169,16.9,74,54,64,Good,Medium,0,7.8,0,100,1
STD20170,19.8,87,59,53,Poor,High,1,6.6,0,100,1
STD20171,11.2,94,81,50,Fair,Low,1,5.3,0,100,1
STD20172,5.4,88,80,80,Fair,Medium,0,5.4,0,99,1
STD20173,15.3,76,65,67,Fair,Low,1,7.8,0,100,1
STD20174,15.9,64,64,75,Good,High,0,5.1,0,100,1
STD20175,19.8,64,76,49,Fair,High,0,6.6,0,100,1
STD20176,18.4,66,94,59,Good,Low,1,9.5,0,100,1
STD20177,21.7,80,77,64,Fair,Low,1,7.4,0,100,1
STD20178,15.1,83,100,50,Good,Medium,0,7.8,0,100,1
STD20179,13.1,56,65,57,Fair,High,1,5.4,0,100,1
STD20180,5.1,69,81,49,Fair,Low,1,5.2,0,72,1
STD20181,13.5,79,72,64,Poor,Medium,0,7.8,0,100,1
STD20182,9.2,63,89,38,Poor,Medium,0,6.4,1,76,1
STD20183,13.1,82,64,67,Good,Medium,1,8.3,0,100,1
STD20184,12.3,72,100,63,Good,Medium,1,7.0,1,100,1
STD20185,14.4,66,48,55,Fair,Low,1,9.5,0,95,1
STD20186,11.5,77,100,65,Fair,High,0,6.2,0,100,1
STD20187,16.7,81,80,53,Good,Low,1,7.3,0,100,1
STD20188,0.0,64,88,48,Fair,High,0,5.8,0,84,1
STD20189,12.9,73,100,66,Fair,Low,1,8.3,0,100,1
STD20190,18.0,83,93,67,Good,Medium,1,7.5,0,100,1
STD20191,21.4,65,65,50,Fair,Medium,1,5.7,0,100,1
STD20192,15.7,53,89,49,Fair,Medium,0,6.5,0,100,1
STD20193,20.4,54,100,55,Poor,Low,0,8.7,0,100,1
STD20194,12.8,70,62,50,Poor,Medium,1,8.6,1,94,1
STD20195,12.0,58,100,81,Good,Low,0,5.1,0,97,1
STD20196,14.6,71,85,63,Good,Medium,0,6.3,0,100,1
STD20197,12.0,99,70,58,Good,High,0,9.3,0,100,1
STD20198,8.1,57,62,44,Poor,Medium,1,6.7,0,76,1
STD20199,9.4,72,74,69,Good,Medium,0,7.2,1,90,1
STD20200,6.4,100,43,49,Good,Medium,1,8.3,0,100,1
STD20201,14.6,82,71,48,Fair,Medium,0,5.2,1,95,1
STD20202,12.1,71,73,70,Good,High,1,5.7,0,100,1
STD20203,10.2,74,59,64,Good,Medium,0,6.5,0,100,1
STD20204,9.2,82,91,20,Good,High,0,8.5,0,99,1
STD20205,14.5,100,74,56,Good,High,0,8.3,0,100,1
STD20206,15.9,69,67,60,Fair,Medium,0,7.9,0,100,1
STD20207,6.3,65,72,53,Fair,Medium,1,6.7,0,92,1
STD20208,5.6,57,84,60,Good,Medium,1,8.4,0,100,1
STD20209,16.8,77,79,31,Good,High,1,6.7,0,100,1
STD20210,5.1,56,65,20,Poor,Low,1,7.7,0,69,1
STD20211,14.7,70,80,43,Fair,Low,1,8.1,1,100,1
STD20212,20.1,63,77,62,Fair,Low,1,9.1,0,100,1
STD20213,20.1,91,57,20,Good,High,1,6.9,0,100,1
STD20214,15.7,69,73,45,Fair,Medium,0,6.5,0,98,1
STD20215,15.5,82,88,29,Fair,Low,0,8.6,0,97,1
STD20216,23.3,54,88,54,Fair,Medium,1,8.7,0,100,1
STD20217,0.3,78,74,87,Poor,High,1,6.2,0,97,1
STD20218,9.7,59,90,55,Good,High,0,5.5,0,99,1
STD20219,16.2,70,60,56,Fair,Low,0,8.5,0,100,1
STD20220,10.3,100,61,71,Poor,Medium,1,4.8,0,100,1
STD20221,18.2,89,73,58,Fair,Medium,0,4.7,0,100,1
STD20222,11.8,74,100,55,Good,Medium,0,6.6,0,100,1
STD20223,12.7,100,81,72,Fair,Low,1,6.9,1,100,1
STD20224,10.6,63,73,65,Fair,Low,0,5.4,0,97,1
STD20225,9.4,92,100,62,Fair,High,0,7.1,0,100,1
STD20226,9.3,55,73,56,Good,Medium,0,7.1,0,92,1
STD20227,13.4,73,100,53,Good,Low,0,6.2,0,100,1
STD20228,8.1,57,69,72,Good,Medium,0,9.4,0,97,1
STD20229,16.8,80,60,53,Fair,Low,0,7.4,0,91,1
STD20230,15.3,77,75,76,Good,Medium,1,8.3,0,100,1
STD20231,17.5,72,74,42,Good,Medium,1,4.9,0,100,1
STD20232,6.4,91,63,80,Fair,Low,0,4.9,0,86,1
STD20233,3.5,68,100,65,Good,Low,0,7.4,0,94,1
STD20234,12.0,81,84,43,Good,High,0,9.2,0,100,1
STD20235,26.5,87,86,66,Good,High,0,5.5,0,100,1
STD20236,18.3,55,70,48,Good,Low,0,7.0,1,100,1
STD20237,9.2,66,68,59,Fair,Medium,0,5.2,0,89,1
STD20238,14.1,77,96,51,Fair,Low,0,5.9,0,93,1
STD20239,15.6,85,48,56,Poor,High,1,7.1,0,100,1
STD20240,5.2,96,57,72,Fair,High,0,6.2,0,100,1
STD20241,18.8,73,74,66,Fair,Medium,1,5.1,0,100,1
STD20242,11.2,72,100,41,Fair,Medium,0,5.1,1,90,1
STD20243,11.5,64,71,42,Good,Medium,1,4.3,1,98,1
STD20244,12.1,81,85,62,Poor,Low,0,7.4,0,89,1
STD20245,17.7,72,78,63,Good,Medium,1,7.6,0,100,1
STD20246,8.2,72,100,48,Fair,Low,1,7.6,0,100,1
STD20247,3.5,75,49,82,Poor,Medium,0,5.6,1,62,1
STD20248,13.6,84,91,70,Poor,Medium,0,8.1,0,100,1
STD20249,1.8,68,74,49,Fair,Low,1,7.7,0,76,1
STD20250,10.5,65,95,47,Fair,Medium,1,6.8,0,100,1
STD20251,17.9,82,63,55,Fair,High,1,6.6,0,100,1
STD20252,14.9,35,78,53,Good,Medium,0,6.0,0,100,1
STD20253,17.2,68,76,77,Fair,Medium,0,7.0,0,100,1
STD20254,15.1,60,60,73,Poor,High,0,8.9,0,100,1
STD20255,24.1,93,55,59,Fair,Low,1,8.3,0,100,1
STD20256,9.1,70,68,68,Poor,Medium,0,6.5,0,90,1
STD20257,14.0,68,80,70,Poor,Medium,0,7.5,0,100,1
STD20258,9.8,75,64,59,Poor,Low,1,5.4,0,93,1
STD20259,16.8,68,72,64,Good,High,0,7.7,0,100,1
STD20260,11.7,70,44,67,Good,Medium,1,5.7,0,100,1
STD20261,20.6,77,71,65,Good,Medium,0,7.7,0,100,1
STD20262,9.3,70,96,46,Good,Low,1,9.5,1,93,1
STD20263,19.0,70,91,48,Fair,High,0,6.1,0,100,1
STD20264,15.0,62,76,54,Fair,High,1,9.5,0,100,1
STD20265,11.8,60,82,47,Poor,Low,0,7.4,0,80,1
STD20266,14.7,77,63,36,Fair,Medium,0,5.8,1,90,1
STD20267,13.3,80,100,68,Fair,Low,0,5.8,0,100,1
STD20268,13.8,56,100,63,Fair,Medium,1,9.5,0,100,1
STD20269,11.0,87,81,38,Good,Medium,0,7.4,0,100,1
STD20270,8.5,87,100,54,Poor,Low,0,6.1,0,86,1
STD20271,10.3,90,66,55,Poor,Medium,1,6.5,0,89,1
STD20272,3.6,80,55,61,Good,High,0,7.4,0,100,1
STD20273,16.2,85,65,42,Fair,Medium,0,6.8,0,100,1
STD20274,5.8,100,74,38,Fair,Low,0,7.2,0,84,1
STD20275,10.9,72,100,66,Poor,High,0,9.1,1,100,1
STD20276,15.2,61,73,35,Fair,Low,0,5.3,0,91,1
STD20277,16.2,55,63,55,Good,Medium,0,7.6,0,100,1
STD20278,3.1,100,62,53,Good,Medium,0,6.7,0,99,1
STD20279,11.5,100,99,56,Fair,Low,0,6.2,0,100,1
STD20280,14.3,63,96,62,Fair,Low,1,8.2,0,100,1
STD20281,12.3,66,69,82,Fair,Low,1,4.9,1,100,1
STD20282,18.7,71,44,34,Fair,Low,0,3.7,0,97,1
STD20283,7.9,93,58,71,Fair,Medium,0,7.1,0,98,1
STD20284,1.8,58,100,20,Poor,High,1,6.6,0,64,1
STD20285,16.1,48,90,79,Good,Low,0,5.0,0,100,1
STD20286,9.3,100,79,27,Good,Medium,1,4.6,0,100,1
STD20287,3.2,80,100,95,Good,Medium,0,9.3,1,98,1
STD20288,11.2,82,100,52,Good,Low,0,7.4,0,100,1
STD20289,18.2,73,77,77,Fair,Medium,0,6.8,1,100,1
STD20290,5.7,83,78,74,Good,Low,1,9.5,0,100,1
STD20291,23.7,55,68,51,Good,Medium,0,8.1,0,100,1
STD20292,7.8,64,73,53,Poor,Medium,0,9.1,0,79,1
STD20293,12.4,77,51,45,Fair,Medium,0,5.3,0,96,1
STD20294,5.9,44,51,70,Poor,High,1,5.2,0,79,1
STD20295,12.2,72,47,52,Good,Low,0,7.6,0,83,1
STD20296,11.3,71,98,46,Good,High,1,7.3,0,100,1
STD20297,4.6,72,50,66,Good,Low,0,8.4,0,93,1
STD20298,26.1,68,100,45,Fair,Low,0,4.7,0,100,1
STD20299,9.5,62,65,53,Good,Low,0,7.7,0,98,1
STD20300,9.5,50,100,60,Poor,High,1,8.1,0,100,1
STD20301,16.8,78,71,48,Poor,Medium,0,8.0,0,100,1
STD20302,21.1,72,50,51,Fair,High,0,6.3,0,100,1
STD20303,17.6,57,100,81,Good,Medium,1,7.5,0,100,1
STD20304,6.0,77,100,55,Good,Medium,0,5.8,0,96,1
STD20305,13.1,72,62,53,Fair,High,0,6.4,0,98,1
STD20306,2.6,70,72,55,Fair,High,0,5.4,0,83,1
STD20307,16.5,46,62,65,Fair,High,1,5.8,0,100,1
STD20308,3.8,86,76,42,Poor,Medium,0,6.5,0,66,1
STD20309,8.0,59,80,64,Good,High,1,6.2,0,100,1
STD20310,12.0,77,72,62,Fair,Low,1,5.8,0,100,1
STD20311,14.2,65,45,31,Poor,High,0,5.1,0,83,1
STD20312,10.7,71,68,85,Fair,High,0,9.3,1,100,1
STD20313,19.6,92,91,80,Good,Medium,1,6.1,1,100,1
STD20314,15.6,83,74,46,Good,Low,1,7.2,0,100,1
STD20315,15.2,92,72,41,Poor,Low,1,4.5,1,80,1
STD20316,5.9,81,61,61,Poor,High,0,8.6,0,100,1
STD20317,20.5,82,67,37,Good,High,1,7.0,1,100,1
STD20318,8.0,51,100,78,Fair,Medium,1,6.2,0,100,1
STD20319,20.7,72,57,51,Fair,High,1,6.2,0,100,1
STD20320,22.1,73,91,82,Poor,Medium,0,7.9,0,100,1
STD20321,14.6,93,79,46,Good,High,1,3.5,0,100,1
STD20322,17.2,69,82,56,Good,Low,1,5.7,0,100,1
STD20323,0.0,80,65,77,Poor,Low,1,6.6,0,79,1
STD20324,11.0,79,72,53,Poor,Medium,1,6.6,0,100,1
STD20325,17.5,92,78,62,Poor,Medium,1,9.5,1,96,1
STD20326,16.6,74,69,74,Fair,Medium,0,6.4,0,100,1
STD20327,5.9,88,84,50,Poor,High,0,8.1,0,100,1
STD20328,10.5,52,86,39,Fair,Low,0,9.2,0,79,1
STD20329,0.0,53,100,36,Poor,Medium,1,7.7,1,61,1
STD20330,14.1,44,83,67,Fair,Low,0,5.9,0,93,1
STD20331,2.6,87,44,64,Fair,High,1,5.1,0,100,1
STD20332,17.7,85,99,74,Fair,Low,1,7.8,0,100,1
STD20333,17.9,89,74,54,Good,Medium,1,8.9,0,100,1
STD20334,9.6,67,100,37,Fair,Medium,1,7.5,0,100,1
STD20335,14.6,68,100,23,Good,Medium,1,8.4,0,100,1
STD20336,10.9,74,69,95,Good,Low,0,9.5,0,100,1
STD20337,13.2,96,91,66,Good,Low,0,7.9,0,100,1
STD20338,6.3,100,67,60,Poor,Medium,0,5.4,0,89,1
STD20339,15.1,87,78,62,Fair,Low,1,6.9,0,100,1
STD20340,3.8,81,90,37,Fair,Low,0,8.6,1,83,1
STD20341,2.9,95,98,46,Poor,Medium,0,6.5,0,77,1
STD20342,11.4,72,94,84,Poor,Low,1,8.8,0,96,1
STD20343,10.9,71,79,68,Poor,Low,0,6.7,0,84,1
STD20344,13.4,74,100,47,Fair,Medium,1,7.2,0,100,1
STD20345,8.8,62,71,40,Good,Medium,0,6.3,0,87,1
STD20346,21.4,74,49,50,Fair,Medium,1,7.0,1,100,1
STD20347,12.8,60,53,53,Good,Medium,0,7.1,0,100,1
STD20348,13.2,90,100,89,Good,Medium,1,4.7,0,100,1
STD20349,13.0,84,77,55,Poor,Medium,1,6.2,0,98,1
STD20350,17.0,96,81,40,Fair,Medium,0,5.2,0,100,1
STD20351,14.9,53,68,57,Poor,Low,0,6.3,0,90,1
STD20352,14.2,100,70,62,Good,Medium,1,5.8,0,100,1
STD20353,15.7,54,64,39,Good,Medium,0,8.1,0,100,1
STD20354,2.9,59,86,64,Good,High,1,8.1,0,100,1
STD20355,3.1,67,76,76,Good,Medium,0,7.5,0,100,1
STD20356,11.6,94,86,60,Fair,Medium,1,5.2,0,100,1
STD20357,11.0,79,84,46,Good,Medium,0,6.7,0,100,1
STD20358,14.9,73,70,50,Good,High,1,5.0,0,100,1
STD20359,12.1,65,52,33,Good,Medium,0,6.6,0,92,1
STD20360,14.9,57,50,56,Fair,Medium,0,7.6,0,100,1
STD20361,5.8,92,100,63,Poor,High,0,8.1,0,100,1
STD20362,11.9,87,100,45,Poor,Medium,1,7.4,0,100,1
STD20363,5.3,95,100,87,Poor,Medium,1,8.4,0,100,1
STD20364,13.9,82,66,70,Fair,Low,1,7.1,0,100,1
STD20365,2.6,39,78,31,Good,Low,1,6.5,0,68,1
STD20366,13.7,59,63,31,Good,High,1,7.9,0,100,1
STD20367,4.7,83,54,43,Poor,Low,0,8.0,0,64,1
STD20368,10.1,71,67,82,Fair,Low,1,6.1,0,100,1
STD20369,16.5,68,100,71,Poor,Low,0,7.3,0,100,1
STD20370,13.1,61,93,82,Good,High,0,6.4,0,100,1
STD20371,3.8,89,61,58,Good,Medium,1,4.2,0,93,1
STD20372,8.6,82,72,55,Fair,Medium,1,7.4,0,99,1
STD20373,4.5,83,91,39,Fair,High,0,5.1,0,84,1
STD20374,3.5,67,68,63,Fair,Medium,0,7.2,1,71,1
STD20375,12.6,78,79,55,Fair,High,1,4.8,0,100,1
STD20376,14.8,57,85,54,Poor,Medium,1,5.9,0,100,1
STD20377,14.2,74,85,82,Fair,Medium,0,6.2,0,100,1
STD20378,15.0,41,83,56,Fair,High,1,8.4,0,100,1
STD20379,11.9,54,66,78,Fair,High,0,6.1,0,100,1
STD20380,10.6,71,68,34,Fair,Low,0,5.4,0,82,1
STD20381,6.6,100,58,95,Good,Low,1,7.3,0,100,1
STD20382,9.8,51,50,52,Fair,High,0,6.5,0,88,1
STD20383,5.4,59,76,69,Fair,Medium,1,7.8,0,100,1
STD20384,7.8,79,93,71,Good,Medium,0,5.5,0,100,1
STD20385,12.4,100,53,51,Fair,Low,1,7.1,0,100,1
STD20386,11.4,79,83,70,Fair,High,0,9.5,0,100,1
STD20387,27.3,86,92,71,Poor,Medium,1,6.5,0,100,1
STD20388,5.3,71,45,47,Good,High,1,7.0,0,100,1
STD20389,11.4,69,73,47,Fair,Medium,0,4.6,0,85,1
STD20390,4.9,77,100,59,Poor,High,1,5.7,0,100,1
STD20391,10.1,67,88,56,Poor,Medium,0,7.4,0,76,1
STD20392,10.3,86,44,79,Good,Medium,0,6.4,0,100,1
STD20393,16.2,54,90,69,Good,Medium,1,7.6,1,100,1
STD20394,9.8,88,65,57,Good,Medium,1,7.4,0,100,1
STD20395,11.0,77,90,67,Fair,Medium,1,5.1,0,100,1
STD20396,9.8,73,66,27,Fair,Low,1,8.1,0,90,1
STD20397,5.0,53,77,49,Fair,Medium,0,5.2,0,82,1
STD20398,8.7,62,68,62,Fair,Medium,0,5.8,0,96,1
STD20399,10.1,93,78,75,Fair,Low,0,7.1,0,100,1
STD20400,12.4,73,68,61,Fair,Medium,0,8.8,0,100,1
STD20401,14.8,80,74,80,Good,Medium,1,5.5,0,100,1
STD20402,10.8,64,57,71,Fair,Low,0,7.0,0,88,1
STD20403,10.7,76,87,51,Fair,Medium,0,7.0,0,99,1
STD20404,3.4,57,81,56,Good,Low,0,7.7,0,80,1
STD20405,14.7,77,49,64,Good,High,0,8.3,0,100,1
STD20406,8.5,81,96,51,Fair,High,1,6.3,1,94,1
STD20407,15.7,80,75,81,Good,Medium,0,8.1,0,100,1
STD20408,18.6,63,81,41,Poor,Medium,1,8.5,0,94,1
STD20409,11.1,71,92,63,Good,Low,1,9.1,0,100,1
STD20410,6.9,84,84,69,Poor,High,0,7.5,1,97,1
STD20411,11.9,73,99,53,Fair,Low,1,7.0,0,100,1
STD20412,13.7,72,73,50,Good,High,1,6.2,0,100,1
STD20413,10.4,100,97,57,Poor,High,0,4.9,0,100,1
STD20414,9.2,63,80,70,Good,Low,1,6.4,0,96,1
STD20415,14.8,91,87,51,Fair,Medium,0,6.9,0,100,1
STD20416,14.5,60,85,42,Poor,Medium,0,6.7,0,99,1
STD20417,10.3,85,100,75,Good,Medium,1,7.6,0,100,1
STD20418,3.7,86,91,64,Fair,Low,1,4.9,0,95,1
STD20419,14.3,69,70,73,Good,Medium,1,6.6,0,100,1
STD20420,8.2,59,66,69,Good,Low,1,9.4,1,98,1
STD20421,13.1,48,77,91,Poor,High,1,8.1,0,100,1
STD20422,12.8,67,64,75,Fair,Medium,1,7.6,0,100,1
STD20423,2.6,83,59,47,Fair,Medium,0,7.3,0,93,1
STD20424,12.4,61,40,65,Fair,High,0,6.3,1,94,1
STD20425,14.6,77,50,50,Poor,Medium,0,4.5,0,90,1
STD20426,15.2,55,100,51,Fair,Medium,1,7.4,1,98,1
STD20427,12.6,73,66,37,Good,Medium,0,3.6,0,96,1
STD20428,2.1,60,100,54,Poor,Medium,0,6.4,0,78,1
STD20429,18.4,75,85,66,Good,Medium,0,6.8,0,100,1
STD20430,14.1,69,77,57,Fair,High,0,6.2,0,100,1
STD20431,6.0,59,51,42,Poor,Low,0,9.5,0,64,1
STD20432,8.1,67,78,35,Poor,Medium,0,9.2,0,90,1
STD20433,13.2,63,100,90,Poor,High,0,8.1,0,100,1
STD20434,15.4,58,100,63,Fair,Medium,0,5.6,0,100,1
STD20435,9.6,91,83,46,Poor,High,0,9.3,0,100,1
STD20436,16.1,71,57,65,Good,Low,1,7.6,0,100,1
STD20437,3.0,45,61,91,Good,Low,0,5.6,0,84,1
STD20438,6.8,67,63,67,Poor,Medium,0,6.8,0,89,1
STD20439,1.7,89,100,20,Good,Medium,0,8.0,0,85,1
STD20440,7.5,65,100,95,Good,High,1,6.0,0,100,1
STD20441,19.5,97,82,30,Poor,Medium,0,7.0,0,100,1
STD20442,22.3,64,73,55,Good,Low,0,7.2,0,100,1
STD20443,13.2,83,100,41,Fair,Medium,1,5.4,0,100,1
STD20444,8.8,91,60,47,Good,Medium,1,6.4,0,100,1
STD20445,10.9,82,79,62,Poor,Medium,0,5.5,0,83,1
STD20446,14.4,57,86,27,Good,Low,1,7.9,0,100,1
STD20447,4.2,63,62,57,Good,Medium,0,5.6,0,91,1
STD20448,9.1,92,67,75,Good,High,0,7.2,0,100,1
STD20449,19.2,65,65,45,Good,Medium,0,5.0,0,100,1
STD20450,6.8,90,100,37,Poor,Medium,1,5.3,0,88,1
STD20451,8.3,70,100,56,Good,Low,0,5.3,0,91,1
STD20452,12.1,78,80,53,Fair,High,0,6.4,1,88,1
STD20453,13.4,57,73,49,Poor,Low,0,7.0,1,72,1
STD20454,8.9,67,67,40,Poor,Medium,0,7.3,0,83,1
STD20455,12.4,64,78,66,Good,Medium,0,4.5,0,100,1
STD20456,15.0,79,68,67,Good,Low,0,6.6,1,91,1
STD20457,21.8,77,76,42,Poor,Medium,0,5.8,0,100,1
STD20458,11.4,82,85,44,Good,Low,0,7.5,0,94,1
STD20459,11.8,69,71,60,Good,High,0,6.5,0,100,1
STD20460,19.6,63,75,44,Fair,Low,1,6.7,0,100,1
STD20461,9.3,79,75,61,Fair,High,0,5.8,0,100,1
STD20462,5.4,62,72,80,Good,Medium,0,9.0,0,100,1
STD20463,13.3,91,70,57,Good,Low,1,5.1,0,100,1
STD20464,17.4,74,92,40,Fair,Medium,1,6.3,0,100,1
STD20465,13.8,71,46,64,Fair,Low,0,6.9,0,97,1
STD20466,11.5,82,100,55,Poor,High,0,6.5,0,100,1
STD20467,4.8,75,80,56,Fair,Low,0,5.8,0,82,1
STD20468,11.7,53,89,65,Fair,High,0,4.4,0,100,1
STD20469,18.2,61,91,68,Fair,Low,1,5.9,0,100,1
STD20470,5.8,91,65,59,Fair,Medium,1,5.6,1,93,1
STD20471,10.8,77,62,57,Fair,Low,0,9.0,0,82,1
STD20472,10.1,52,59,89,Fair,Medium,0,9.5,0,100,1
STD20473,8.5,81,74,76,Fair,Medium,0,6.7,0,99,1
STD20474,13.2,68,91,71,Poor,High,0,5.0,0,100,1
STD20475,14.2,64,67,60,Good,Medium,0,7.8,0,100,1
STD20476,14.2,60,89,43,Fair,Low,0,5.5,0,93,1
STD20477,7.1,90,35,75,Fair,High,1,6.1,0,100,1
STD20478,3.8,48,71,60,Poor,Medium,1,6.0,0,77,1
STD20479,13.3,64,99,49,Good,High,1,6.1,0,100,1
STD20480,9.5,78,75,54,Fair,Medium,1,6.3,0,100,1
STD20481,21.2,98,63,44,Fair,Medium,1,5.1,0,100,1
STD20482,21.4,84,66,74,Good,Low,1,5.9,0,100,1
STD20483,22.0,64,23,68,Good,High,0,8.1,0,100,1
STD20484,7.3,97,60,61,Fair,Low,0,6.8,0,92,1
STD20485,14.8,57,97,57,Fair,High,0,7.0,0,100,1
STD20486,16.4,80,68,48,Good,Low,1,3.9,1,85,1
STD20487,15.8,83,70,26,Good,High,1,8.0,0,100,1
STD20488,10.2,64,36,37,Good,High,0,5.9,0,88,1
STD20489,18.4,86,49,47,Good,High,1,8.3,0,100,1
STD20490,12.0,69,99,45,Good,Medium,1,7.0,0,100,1
STD20491,12.6,86,89,62,Good,Medium,1,6.1,0,100,1
STD20492,4.3,50,55,70,Poor,High,0,4.6,1,80,1
STD20493,15.2,81,67,56,Good,Medium,0,9.5,0,100,1
STD20494,10.7,70,77,79,Good,Medium,0,7.8,0,100,1
STD20495,14.3,92,56,46,Fair,Low,0,7.9,0,100,1
STD20496,13.2,75,42,56,Fair,Medium,1,9.2,0,100,1
STD20497,12.9,93,75,57,Fair,Medium,0,7.1,0,99,1
STD20498,11.8,83,88,74,Good,Medium,0,8.6,1,100,1
STD20499,15.9,74,89,60,Good,Low,0,6.2,0,100,1
STD20500,11.0,87,94,60,Poor,Medium,1,7.8,0,98,1
STD20501,4.7,87,50,33,Fair,High,0,6.0,0,76,1
STD20502,14.8,83,79,45,Poor,Medium,1,6.1,0,98,1
STD20503,8.0,44,73,74,Fair,High,0,6.9,0,97,1
STD20504,5.4,62,76,27,Fair,Low,1,5.2,0,78,1
STD20505,6.9,95,74,78,Fair,Medium,0,7.2,0,100,1
STD20506,13.4,58,66,65,Poor,Medium,0,6.4,0,93,1
STD20507,11.5,88,24,47,Poor,Medium,1,4.2,0,100,1
STD20508,1.3,86,99,46,Fair,Medium,1,6.2,0,82,1
STD20509,10.1,66,84,86,Fair,Low,1,6.4,0,100,1
STD20510,17.8,48,51,79,Good,Medium,1,7.9,0,100,1
STD20511,9.7,68,87,56,Good,Low,0,7.2,0,100,1
STD20512,11.2,100,70,60,Good,Medium,1,8.7,0,100,1
STD20513,17.2,64,70,48,Fair,High,0,7.5,0,100,1
STD20514,16.0,65,64,60,Poor,Low,1,6.1,1,89,1
STD20515,17.1,62,88,48,Good,Medium,1,6.7,0,100,1
STD20516,0.0,93,64,57,Fair,Medium,1,6.3,0,85,1
STD20517,20.7,73,58,85,Poor,Medium,1,7.4,0,100,1
STD20518,15.2,67,98,57,Fair,Low,1,6.9,0,100,1
STD20519,24.3,96,75,42,Good,Medium,0,6.0,0,100,1
STD20520,8.1,84,75,38,Fair,High,0,6.8,0,86,1
STD20521,3.2,63,90,60,Poor,Medium,1,7.4,0,93,1
STD20522,12.0,59,66,47,Fair,Medium,1,5.5,0,100,1
STD20523,10.6,92,70,62,Poor,Medium,0,7.2,0,94,1
STD20524,15.3,76,84,34,Fair,High,1,4.7,0,100,1
STD20525,17.4,54,50,68,Good,Low,0,8.2,0,100,1
STD20526,11.6,51,82,42,Good,Low,1,7.5,0,85,1
STD20527,10.8,60,64,59,Fair,Medium,1,8.9,0,100,1
STD20528,14.6,59,93,53,Poor,Medium,0,5.3,0,100,1
STD20529,10.7,47,88,84,Fair,Medium,0,8.3,1,96,1
STD20530,10.3,61,85,61,Fair,Low,1,8.0,0,100,1
STD20531,17.2,63,49,87,Good,Low,0,6.6,0,100,1
STD20532,18.3,70,76,66,Good,Medium,1,6.3,0,100,1
STD20533,17.4,100,57,79,Fair,Medium,0,5.4,0,100,1
STD20534,11.2,72,77,55,Good,Medium,0,5.1,0,100,1
STD20535,1.3,74,36,63,Fair,Medium,0,5.8,0,68,1
STD20536,11.3,83,50,76,Fair,Low,1,5.2,0,89,1
STD20537,8.2,73,99,72,Good,Medium,0,8.9,0,100,1
STD20538,11.4,82,85,66,Poor,High,1,4.8,0,100,1
STD20539,8.6,80,72,53,Fair,High,1,7.0,0,99,1
STD20540,11.9,78,62,56,Good,Low,1,7.4,0,100,1
STD20541,6.8,100,58,75,Fair,Medium,0,7.3,0,100,1
STD20542,5.6,89,82,78,Fair,High,0,7.4,0,100,1
STD20543,18.1,61,72,49,Poor,Medium,1,8.0,0,100,1
STD20544,7.2,81,100,47,Fair,Medium,0,6.2,0,97,1
STD20545,12.0,65,75,44,Fair,Low,1,6.9,0,100,1
STD20546,16.8,82,79,70,Fair,Medium,1,6.4,0,100,1
STD20547,16.6,57,53,44,Fair,High,1,8.5,0,100,1
STD20548,16.0,60,72,70,Fair,High,1,9.5,0,100,1
STD20549,13.5,81,81,66,Fair,High,1,5.2,0,100,1
STD20550,15.6,90,71,50,Good,Medium,1,4.2,0,100,1
STD20551,18.9,83,69,81,Fair,Medium,1,7.5,0,100,1
STD20552,14.1,88,84,36,Fair,Low,0,8.2,0,100,1
STD20553,2.8,81,100,83,Good,Low,0,9.3,0,100,1
STD20554,9.4,78,81,63,Poor,Low,0,7.8,0,95,1
STD20555,15.5,69,99,27,Fair,High,1,8.6,0,100,1
STD20556,8.9,87,89,82,Poor,Low,1,9.0,0,100,1
STD20557,20.1,90,98,73,Fair,Medium,1,8.7,0,100,1
STD20558,11.7,75,67,52,Good,Medium,0,7.9,0,95,1
STD20559,12.4,74,74,44,Fair,Medium,1,5.1,0,89,1
STD20560,17.6,98,74,34,Good,Medium,0,6.8,0,100,1
STD20561,11.1,76,88,94,Poor,Low,1,7.2,0,100,1
STD20562,12.9,77,92,44,Fair,Medium,0,6.7,0,90,1
STD20563,16.5,83,80,39,Fair,Medium,1,6.8,0,100,1
STD20564,4.6,75,94,62,Poor,High,1,8.8,0,100,1
STD20565,10.6,65,68,33,Fair,Medium,0,5.8,0,85,1
STD20566,16.1,81,94,43,Good,High,0,7.8,0,100,1
STD20567,12.3,75,96,73,Fair,Medium,0,7.2,0,100,1
STD20568,19.3,100,90,65,Good,Low,0,5.7,0,100,1
STD20569,4.1,87,80,52,Good,Medium,0,5.4,0,81,1
STD20570,3.5,68,91,58,Fair,High,0,4.6,0,83,1
STD20571,15.8,86,62,51,Good,Low,0,7.4,0,100,1
STD20572,16.3,80,82,57,Poor,Low,0,6.7,1,82,1
STD20573,11.0,94,83,47,Fair,High,1,5.7,0,100,1
STD20574,14.0,69,54,49,Fair,High,0,4.4,0,100,1
STD20575,15.7,79,87,49,Fair,Low,0,7.4,0,96,1
STD20576,7.9,75,56,47,Fair,High,1,6.6,0,98,1
STD20577,8.5,77,70,74,Fair,Medium,0,5.9,1,97,1
STD20578,12.9,64,79,70,Good,Medium,1,5.5,0,100,1
STD20579,16.5,84,65,44,Fair,Medium,1,6.5,0,100,1
STD20580,6.2,82,79,40,Good,High,1,7.4,0,100,1
STD20581,11.0,94,79,56,Fair,Low,0,6.4,0,100,1
STD20582,10.8,76,63,90,Fair,High,0,5.3,0,100,1
STD20583,14.1,70,88,43,Fair,Low,1,6.7,0,100,1
STD20584,12.0,87,64,56,Fair,Medium,1,8.2,0,100,1
STD20585,9.3,65,100,59,Fair,Medium,0,6.9,0,100,1
STD20586,18.2,91,76,56,Good,High,1,6.9,1,100,1
STD20587,9.3,91,57,51,Fair,High,1,6.4,0,100,1
STD20588,10.5,94,60,75,Poor,High,1,5.6,0,100,1
STD20589,4.0,81,99,65,Good,Medium,0,5.6,0,100,1
STD20590,8.4,69,71,71,Good,Low,0,4.6,0,97,1
STD20591,14.6,78,53,67,Good,High,0,8.3,0,100,1
STD20592,13.6,81,93,71,Fair,Medium,0,7.4,0,100,1
STD20593,15.0,68,71,82,Good,Medium,1,6.9,0,100,1
STD20594,14.8,95,90,78,Fair,Medium,0,7.2,0,100,1
STD20595,22.4,84,95,93,Good,Medium,0,7.2,0,100,1
STD20596,8.3,64,83,76,Fair,Medium,0,5.8,0,95,1
STD20597,3.9,100,100,48,Poor,Medium,1,6.4,0,100,1
STD20598,6.7,77,47,71,Good,Low,1,6.2,0,87,1
STD20599,8.5,61,63,69,Good,High,1,9.5,0,100,1
STD20600,7.1,64,73,87,Fair,High,1,8.1,0,100,1
STD20601,12.5,97,100,43,Fair,Medium,1,7.0,0,100,1
STD20602,18.3,100,100,66,Good,High,0,8.6,0,100,1
STD20603,19.7,90,100,48,Poor,Medium,0,8.4,0,100,1
STD20604,14.5,94,64,66,Fair,Medium,1,5.0,1,100,1
STD20605,22.7,93,66,55,Poor,High,1,6.5,0,100,1
STD20606,10.2,84,63,65,Poor,Medium,0,6.8,0,82,1
STD20607,3.8,81,64,37,Poor,High,1,7.6,0,91,1
STD20608,17.3,84,100,70,Good,Medium,0,6.5,0,100,1
STD20609,2.8,86,74,61,Fair,Medium,1,6.7,0,100,1
STD20610,8.2,66,76,60,Good,Low,1,6.2,0,98,1
STD20611,14.6,86,92,87,Good,High,0,8.2,0,100,1
STD20612,11.5,96,48,52,Poor,Low,1,4.9,0,89,1
STD20613,11.0,73,79,63,Good,Medium,1,6.2,0,100,1
STD20614,6.1,72,58,60,Fair,Low,1,4.4,0,83,1
STD20615,11.9,83,73,61,Good,Medium,1,5.5,0,100,1
STD20616,17.0,67,67,91,Fair,Medium,0,7.2,0,100,1
STD20617,12.1,58,67,59,Fair,High,0,7.2,0,97,1
STD20618,7.8,92,82,49,Fair,Medium,0,6.4,0,98,1
STD20619,5.8,70,82,86,Good,Low,0,8.3,0,93,1
STD20620,8.0,76,74,53,Fair,Low,0,8.6,0,84,1
STD20621,14.0,67,85,34,Good,Low,0,6.7,0,96,1
STD20622,13.7,94,62,47,Poor,Medium,0,7.1,0,100,1
STD20623,8.0,88,90,39,Fair,High,0,6.2,0,100,1
STD20624,0.9,73,74,31,Fair,Medium,0,7.6,0,66,1
STD20625,14.1,59,69,53,Poor,Medium,0,5.2,1,77,1
STD20626,7.5,71,64,57,Poor,Low,1,9.1,0,74,1
STD20627,15.4,84,74,76,Fair,High,1,8.3,0,100,1
STD20628,8.2,79,100,67,Good,High,1,5.2,0,100,1
STD20629,7.1,78,77,67,Good,High,0,5.8,0,100,1
STD20630,12.8,79,57,45,Poor,Low,1,7.3,0,95,1
STD20631,23.8,87,95,71,Fair,Medium,0,6.4,0,100,1
STD20632,15.7,75,70,79,Poor,High,0,7.5,0,100,1
STD20633,12.7,82,83,64,Good,Low,1,6.3,0,100,1
STD20634,13.8,62,67,64,Good,Medium,0,8.8,0,100,1
STD20635,3.2,100,100,39,Good,High,1,6.8,0,100,1
STD20636,6.4,72,67,74,Good,High,1,9.5,0,100,1
STD20637,0.0,79,100,85,Fair,Medium,0,7.6,0,97,1
STD20638,20.6,84,59,63,Fair,Medium,0,5.0,0,100,1
STD20639,19.6,70,73,49,Good,High,1,9.5,1,100,1
STD20640,14.0,76,100,56,Poor,Medium,0,8.2,0,100,1
STD20641,12.7,76,81,52,Poor,High,0,7.3,0,100,1
STD20642,4.2,63,100,53,Fair,Medium,0,7.6,0,98,1
STD20643,10.9,82,73,68,Good,High,1,5.3,0,100,1
STD20644,21.0,53,83,62,Good,High,0,4.5,0,100,1
STD20645,12.7,100,100,73,Good,Medium,1,6.7,0,100,1
STD20646,9.2,87,51,64,Fair,Medium,1,8.6,0,100,1
STD20647,3.2,85,49,45,Fair,Low,0,7.3,0,80,1
STD20648,18.9,52,64,50,Fair,High,0,9.0,0,100,1
STD20649,11.6,65,93,50,Good,Medium,1,8.5,0,100,1
STD20650,3.2,95,49,55,Poor,Low,0,6.8,0,68,1
STD20651,7.4,100,89,85,Good,High,0,8.3,0,100,1
STD20652,5.6,93,87,87,Fair,High,0,8.8,0,100,1
STD20653,11.3,91,100,71,Good,High,1,6.7,0,100,1
STD20654,13.0,83,97,60,Good,Medium,1,6.5,0,100,1
STD20655,9.5,64,85,38,Fair,High,0,7.0,0,88,1
STD20656,15.9,90,100,61,Good,High,0,3.7,1,100,1
STD20657,12.4,61,88,46,Fair,Low,0,7.2,0,95,1
STD20658,17.3,59,70,82,Good,High,1,7.7,0,100,1
STD20659,10.2,58,57,34,Good,Medium,0,7.0,0,100,1
STD20660,27.2,90,68,64,Fair,High,1,7.2,0,100,1
STD20661,9.2,75,77,45,Poor,High,1,6.7,0,100,1
STD20662,7.5,77,81,58,Good,Medium,0,4.2,0,98,1
STD20663,6.9,76,40,68,Good,Medium,1,9.0,0,100,1
STD20664,10.9,60,74,73,Fair,Low,1,6.3,0,98,1
STD20665,3.4,67,79,57,Good,Low,1,6.0,0,88,1
STD20666,13.5,67,88,69,Fair,Medium,0,8.6,1,100,1
STD20667,2.5,56,100,48,Fair,High,1,8.1,0,92,1
STD20668,12.8,69,81,62,Fair,Low,0,7.2,0,100,1
STD20669,5.2,61,62,73,Poor,Low,1,7.8,0,83,1
STD20670,10.1,84,45,63,Fair,Medium,0,5.3,0,99,1
STD20671,15.0,85,90,50,Good,Medium,0,6.7,0,100,1
STD20672,23.5,58,62,54,Poor,Low,1,8.5,0,100,1
STD20673,6.6,72,94,73,Fair,Low,0,5.9,0,97,1
STD20674,11.2,100,100,42,Good,Medium,0,5.5,0,100,1
STD20675,8.4,62,50,44,Good,Medium,1,6.9,0,99,1
STD20676,7.7,82,88,67,Good,High,0,6.9,0,100,1
STD20677,8.4,77,100,51,Fair,Medium,1,7.6,0,98,1
STD20678,16.1,91,96,36,Good,Low,1,5.0,0,100,1
STD20679,9.6,80,40,78,Poor,High,0,3.5,0,86,1
STD20680,23.2,70,63,42,Poor,High,1,8.0,0,100,1
STD20681,14.1,77,55,55,Good,Medium,1,5.4,0,100,1
STD20682,6.9,77,87,49,Fair,High,1,6.0,0,100,1
STD20683,10.2,75,85,54,Good,High,0,4.0,0,99,1
STD20684,8.0,58,29,45,Fair,High,1,8.1,1,90,1
STD20685,16.0,93,73,69,Poor,Medium,1,7.3,0,100,1
STD20686,3.8,91,92,60,Fair,Low,0,7.2,0,76,1
STD20687,5.3,61,81,73,Poor,Low,1,7.2,0,91,1
STD20688,9.0,72,81,49,Fair,High,0,4.1,0,100,1
STD20689,15.4,73,71,90,Poor,High,0,5.5,0,100,1
STD20690,18.2,60,59,29,Fair,Medium,0,6.2,0,100,1
STD20691,18.9,50,78,34,Good,Low,1,5.8,0,100,1
STD20692,14.6,67,79,84,Poor,Low,0,6.4,0,97,1
STD20693,11.6,71,89,65,Fair,Medium,0,7.1,0,100,1
STD20694,16.0,56,91,63,Fair,High,0,8.1,0,100,1
STD20695,6.3,78,80,64,Fair,Medium,0,4.9,0,94,1
STD20696,2.8,92,98,67,Fair,Medium,1,6.8,0,92,1
STD20697,14.2,88,71,62,Good,Medium,0,7.7,0,100,1
STD20698,7.0,74,52,44,Good,High,0,5.6,0,100,1
STD20699,11.7,50,87,70,Poor,High,1,6.5,0,100,1
STD20700,12.6,86,80,68,Good,Low,0,7.4,0,100,1
STD20701,13.2,78,87,79,Poor,Medium,0,6.8,0,100,1
STD20702,16.7,82,55,84,Fair,High,1,7.7,1,100,1
STD20703,16.2,100,100,63,Fair,High,1,6.9,0,100,1
STD20704,13.0,64,91,40,Poor,Medium,0,6.4,1,71,1
STD20705,9.8,36,73,85,Poor,Low,1,5.3,0,84,1
STD20706,12.5,61,61,43,Poor,Medium,1,7.1,0,85,1
STD20707,9.0,83,97,63,Poor,Medium,1,6.9,0,100,1
STD20708,11.0,76,58,54,Fair,Low,0,5.5,0,80,1
STD20709,25.1,59,100,52,Poor,High,1,7.6,0,100,1
STD20710,12.9,56,67,69,Good,Low,0,8.4,0,88,1
STD20711,14.3,71,100,62,Good,High,1,5.9,0,100,1
STD20712,8.5,59,75,66,Fair,Medium,1,5.9,0,82,1
STD20713,17.1,83,100,46,Poor,Low,1,5.8,1,93,1
STD20714,15.8,70,65,55,Fair,Medium,1,4.6,0,100,1
STD20715,15.8,67,78,46,Good,Medium,0,9.4,0,100,1
STD20716,13.1,65,92,55,Fair,High,0,6.2,0,100,1
STD20717,17.2,80,90,56,Poor,Medium,0,5.7,0,100,1
STD20718,18.4,77,98,86,Good,Low,0,5.3,0,100,1
STD20719,13.4,79,69,54,Fair,High,1,6.3,0,100,1
STD20720,11.4,79,80,26,Fair,Medium,1,5.9,0,90,1
STD20721,16.5,75,100,79,Good,Low,0,8.7,0,100,1
STD20722,7.5,62,65,65,Good,High,0,5.2,0,99,1
STD20723,8.4,66,88,56,Fair,Low,1,4.8,0,90,1
STD20724,11.7,70,74,51,Fair,Low,1,7.5,0,100,1
STD20725,3.3,100,82,44,Fair,Medium,0,6.7,0,88,1
STD20726,16.1,57,80,87,Poor,Medium,0,6.5,0,100,1
STD20727,7.2,70,64,59,Fair,Medium,0,7.5,1,77,1
STD20728,9.6,77,73,32,Fair,High,1,7.0,0,100,1
STD20729,10.9,72,81,63,Fair,Low,0,6.7,0,92,1
STD20730,12.2,91,76,76,Good,High,0,5.0,0,100,1
STD20731,10.3,72,100,60,Good,Low,0,4.6,0,100,1
STD20732,11.7,73,96,44,Good,Low,0,5.9,0,96,1
STD20733,11.7,87,83,43,Poor,Low,0,5.4,0,81,1
STD20734,9.8,100,64,44,Poor,Low,0,7.1,0,79,1
STD20735,8.1,96,63,81,Fair,Medium,1,4.5,0,100,1
STD20736,17.4,74,100,57,Fair,High,1,6.2,0,100,1
STD20737,1.5,75,60,33,Poor,High,0,6.6,0,67,1
STD20738,11.0,77,80,64,Good,Medium,0,6.7,0,100,1
STD20739,9.7,78,84,60,Fair,Low,1,7.3,0,100,1
STD20740,14.1,64,72,51,Poor,High,0,6.4,0,95,1
STD20741,4.7,89,60,43,Fair,Medium,0,5.9,0,84,1
STD20742,9.5,79,64,42,Good,Medium,0,8.4,1,99,1
STD20743,11.5,75,68,74,Good,Medium,1,6.4,0,100,1
STD20744,17.4,58,65,62,Poor,Low,1,8.6,0,95,1
STD20745,13.7,77,100,65,Fair,Medium,0,6.4,0,100,1
STD20746,6.1,49,78,62,Good,High,1,6.8,0,100,1
STD20747,9.6,68,69,63,Poor,Low,1,6.6,0,89,1
STD20748,16.4,68,80,51,Fair,Medium,1,7.1,0,100,1
STD20749,6.0,80,90,55,Good,High,1,6.3,0,100,1
STD20750,11.6,100,72,75,Good,Medium,1,6.9,0,100,1
STD20751,12.0,84,94,79,Poor,Medium,1,8.8,0,100,1
STD20752,10.1,96,55,40,Good,Medium,1,8.2,1,96,1
STD20753,25.5,85,99,55,Fair,High,0,8.2,0,100,1
STD20754,9.9,92,78,71,Poor,Medium,1,5.1,0,100,1
STD20755,14.2,100,77,86,Poor,Medium,1,5.3,0,100,1
STD20756,8.2,66,66,85,Fair,Low,0,7.1,0,100,1
STD20757,14.6,65,56,46,Poor,High,0,7.8,0,97,1
STD20758,16.4,85,48,77,Good,High,0,6.1,0,100,1
STD20759,9.1,76,64,59,Good,Medium,0,5.9,0,100,1
STD20760,11.7,79,89,74,Poor,High,0,8.6,0,100,1
STD20761,7.5,73,61,70,Good,Medium,0,7.7,0,100,1
STD20762,6.3,68,50,39,Good,High,0,8.2,0,95,1
STD20763,17.2,99,62,66,Poor,Low,1,6.2,0,100,1
STD20764,9.2,61,71,73,Good,Low,0,6.1,0,95,1
STD20765,0.0,86,72,58,Good,High,0,8.0,0,91,1
STD20766,20.8,83,76,54,Good,Medium,0,6.5,0,100,1
STD20767,8.0,54,97,34,Fair,Medium,0,6.0,0,87,1
STD20768,10.8,64,100,68,Good,High,0,5.6,0,100,1
STD20769,20.2,67,100,61,Good,Medium,1,6.1,0,100,1
STD20770,11.3,84,49,44,Fair,Medium,0,7.9,0,94,1
STD20771,11.2,71,63,53,Fair,Medium,0,4.8,0,93,1
STD20772,5.9,75,91,60,Fair,Medium,0,7.6,0,95,1
STD20773,3.8,56,70,50,Fair,Low,1,5.9,0,87,1
STD20774,11.2,100,93,58,Fair,Low,0,6.5,0,100,1
STD20775,13.8,77,82,32,Poor,Medium,0,6.6,0,100,1
STD20776,13.5,83,100,78,Good,High,0,6.5,0,100,1
STD20777,9.6,68,97,58,Good,Medium,0,6.4,0,100,1
STD20778,12.1,67,97,42,Fair,Medium,0,6.2,0,96,1
STD20779,2.8,100,71,21,Fair,Medium,1,6.1,0,78,1
STD20780,14.3,49,76,73,Poor,Low,1,8.5,0,100,1
STD20781,12.8,80,73,66,Poor,Medium,0,6.8,0,93,1
STD20782,21.9,59,51,61,Fair,Low,0,6.6,0,91,1
STD20783,12.0,70,100,71,Poor,Medium,0,6.0,0,95,1
STD20784,7.3,67,91,71,Good,Low,1,6.3,0,89,1
STD20785,11.7,62,72,61,Fair,Medium,1,6.0,0,97,1
STD20786,10.4,76,100,54,Poor,Medium,0,7.8,0,90,1
STD20787,14.2,40,67,52,Good,High,0,5.8,0,100,1
STD20788,12.1,72,45,64,Fair,Medium,0,3.9,1,69,1
STD20789,5.7,75,96,79,Fair,High,1,6.9,0,100,1
STD20790,3.8,57,55,56,Poor,Medium,0,6.4,1,46,0
STD20791,13.3,97,74,80,Good,Medium,0,6.0,0,100,1
STD20792,18.9,68,82,64,Fair,Low,0,8.0,0,100,1
STD20793,12.4,73,85,64,Good,Low,0,3.5,0,100,1
STD20794,16.1,68,93,94,Fair,Low,1,8.8,0,100,1
STD20795,17.1,75,88,83,Good,Low,0,8.2,0,100,1
STD20796,13.3,94,88,83,Fair,Medium,0,6.0,0,100,1
STD20797,7.9,100,64,46,Good,Medium,1,6.2,0,100,1
STD20798,13.0,86,83,91,Good,Medium,1,7.5,0,100,1
STD20799,18.0,91,51,57,Fair,Medium,1,7.5,0,100,1
STD20800,14.6,100,100,55,Good,Medium,1,6.0,0,100,1
STD20801,15.7,79,53,26,Good,Low,0,4.7,0,95,1
STD20802,9.7,98,72,63,Poor,Medium,0,9.5,0,100,1
STD20803,11.0,87,54,42,Good,Medium,0,8.0,0,100,1
STD20804,11.4,78,65,64,Fair,Medium,1,7.0,0,100,1
STD20805,11.7,81,78,41,Fair,Low,1,7.0,0,100,1
STD20806,17.8,51,68,85,Poor,High,0,7.6,0,100,1
STD20807,0.3,80,99,66,Poor,Medium,1,7.8,0,84,1
STD20808,12.2,54,82,92,Poor,Medium,1,4.1,0,99,1
STD20809,11.6,53,70,43,Poor,Low,1,6.3,0,83,1
STD20810,5.1,79,76,81,Poor,Low,0,6.2,0,65,1
STD20811,15.4,60,100,31,Poor,Medium,0,6.6,0,93,1
STD20812,8.4,76,94,61,Fair,High,1,7.8,0,100,1
STD20813,10.2,78,58,49,Fair,Low,1,4.5,0,85,1
STD20814,21.2,79,66,51,Good,Medium,1,5.0,0,100,1
STD20815,17.0,63,87,50,Good,High,1,5.9,0,100,1
STD20816,14.9,89,84,44,Poor,Medium,0,7.0,0,100,1
STD20817,13.9,75,59,39,Fair,Medium,1,7.9,0,89,1
STD20818,11.2,82,91,51,Fair,Medium,0,8.9,0,96,1
STD20819,22.0,59,62,60,Fair,Medium,0,6.4,0,100,1
STD20820,16.0,74,100,75,Fair,High,0,7.9,0,100,1
STD20821,8.3,91,88,62,Good,Low,0,7.7,0,100,1
STD20822,5.0,90,58,75,Fair,High,0,7.5,0,99,1
STD20823,14.8,65,68,36,Fair,Low,1,6.8,0,100,1
STD20824,11.7,68,68,52,Good,High,1,6.3,0,100,1
STD20825,4.9,62,81,69,Fair,High,0,5.4,0,92,1
STD20826,14.1,67,74,63,Good,High,0,5.3,0,100,1
STD20827,10.7,56,57,45,Good,High,0,7.3,0,100,1
STD20828,14.7,74,53,72,Fair,Medium,0,6.7,0,100,1
STD20829,14.2,85,88,50,Good,Low,0,6.3,0,91,1
STD20830,9.0,65,83,46,Good,Low,0,7.7,0,93,1
STD20831,15.2,75,80,65,Fair,Medium,1,6.5,0,100,1
STD20832,9.5,73,83,58,Poor,Medium,0,5.6,1,85,1
STD20833,9.8,91,67,50,Good,Medium,1,6.5,0,100,1
STD20834,9.3,67,81,50,Fair,Medium,1,7.9,0,100,1
STD20835,17.7,68,100,42,Poor,Medium,0,5.5,0,100,1
STD20836,10.6,64,99,52,Fair,High,0,7.1,0,100,1
STD20837,18.9,60,73,75,Fair,Medium,0,6.7,0,100,1
STD20838,20.9,83,69,62,Poor,High,0,5.8,0,100,1
STD20839,8.3,74,27,72,Good,Medium,1,6.4,0,100,1
STD20840,0.0,77,97,66,Fair,High,0,4.8,0,84,1
STD20841,17.2,94,92,49,Fair,High,0,6.9,0,100,1
STD20842,10.3,95,68,33,Good,Medium,0,5.0,0,98,1
STD20843,7.7,53,52,44,Poor,Low,0,8.2,0,64,1
STD20844,9.1,85,57,48,Good,High,1,6.7,1,85,1
STD20845,9.9,79,86,47,Fair,Medium,0,6.1,0,92,1
STD20846,18.5,70,76,73,Fair,High,1,8.3,0,100,1
STD20847,12.8,81,90,73,Fair,High,0,5.5,0,100,1
STD20848,18.4,52,80,91,Good,Medium,0,5.8,0,100,1
STD20849,14.5,96,95,47,Good,High,0,4.4,0,100,1
STD20850,10.5,83,85,82,Poor,High,1,8.5,1,100,1
STD20851,10.0,64,93,82,Fair,High,0,9.2,0,100,1
STD20852,14.8,68,40,55,Fair,Medium,1,4.6,0,96,1
STD20853,16.1,52,56,65,Good,Low,0,5.7,0,100,1
STD20854,17.0,72,71,77,Good,Low,1,6.9,0,100,1
STD20855,10.7,69,97,57,Fair,Medium,1,6.1,0,100,1
STD20856,12.9,57,100,56,Good,High,1,6.8,1,100,1
STD20857,14.9,87,75,49,Fair,High,0,6.6,0,100,1
STD20858,10.1,94,67,23,Fair,Medium,0,7.3,0,87,1
STD20859,6.3,76,43,59,Fair,Medium,1,5.6,0,80,1
STD20860,8.0,72,94,47,Fair,Medium,0,7.1,0,88,1
STD20861,10.8,82,68,42,Fair,High,0,5.3,0,100,1
STD20862,15.3,76,100,64,Fair,Medium,0,6.3,0,100,1
STD20863,18.3,61,65,36,Good,Low,0,4.5,0,99,1
STD20864,5.2,67,100,70,Good,Medium,0,6.3,0,99,1
STD20865,9.0,72,91,65,Fair,Medium,0,6.1,0,90,1
STD20866,10.2,79,59,52,Fair,Medium,0,8.0,0,91,1
STD20867,16.0,76,82,57,Good,High,0,6.7,0,100,1
STD20868,9.4,79,92,40,Poor,High,1,7.0,0,100,1
STD20869,9.9,55,74,69,Good,Low,1,6.8,1,99,1
STD20870,4.9,85,93,61,Fair,Low,1,4.0,0,88,1
STD20871,14.4,76,93,62,Poor,Medium,0,4.2,0,100,1
STD20872,11.2,100,89,66,Good,Medium,1,6.4,1,100,1
STD20873,8.7,71,78,48,Fair,Medium,0,7.2,0,93,1
STD20874,10.7,81,57,35,Poor,Low,1,6.5,0,91,1
STD20875,17.6,100,77,72,Poor,Low,0,5.7,0,99,1
STD20876,7.0,79,81,68,Good,High,0,6.5,0,100,1
STD20877,7.8,75,44,50,Good,Low,1,6.4,0,87,1
STD20878,18.3,62,81,64,Fair,High,0,7.8,0,100,1
STD20879,12.4,97,76,77,Poor,Medium,1,7.7,1,94,1
STD20880,15.3,60,55,75,Poor,Medium,1,6.1,0,100,1
STD20881,14.0,82,72,50,Good,Low,0,6.7,0,100,1
STD20882,11.8,69,72,36,Fair,Low,0,7.2,0,99,1
STD20883,10.3,73,100,38,Fair,Medium,1,7.4,0,100,1
STD20884,16.2,56,82,53,Fair,High,1,8.9,0,100,1
STD20885,17.8,95,97,80,Fair,High,1,6.8,0,100,1
STD20886,17.4,72,76,47,Fair,Low,0,8.3,0,100,1
STD20887,6.1,59,44,49,Fair,Low,1,5.3,1,60,1
STD20888,18.5,94,90,49,Poor,Low,0,6.0,0,89,1
STD20889,10.2,69,66,50,Fair,High,0,4.0,1,73,1
STD20890,8.2,81,72,58,Fair,Low,1,7.0,0,96,1
STD20891,11.2,88,59,39,Fair,Low,0,7.6,0,99,1
STD20892,16.2,83,79,74,Poor,High,0,3.5,0,100,1
STD20893,14.7,45,97,56,Poor,High,0,7.0,0,100,1
STD20894,10.7,86,95,95,Fair,Medium,1,7.6,0,100,1
STD20895,16.2,75,100,40,Fair,Low,1,7.5,0,100,1
STD20896,12.7,71,100,82,Fair,Medium,1,5.2,0,100,1
STD20897,9.1,74,41,79,Fair,Low,0,7.8,0,93,1
STD20898,8.5,53,57,52,Fair,Medium,0,6.8,0,91,1
STD20899,14.1,79,45,52,Good,High,1,7.6,0,100,1
STD20900,11.6,57,89,44,Fair,Low,0,6.6,0,79,1
STD20901,5.1,72,66,44,Poor,High,0,7.3,0,86,1
STD20902,16.2,78,69,58,Good,Medium,0,8.2,0,100,1
STD20903,9.6,91,74,58,Fair,High,0,6.5,0,100,1
STD20904,20.0,65,85,34,Good,Low,1,7.2,0,100,1
STD20905,5.0,96,51,92,Poor,Medium,0,8.4,0,93,1
STD20906,11.1,89,55,54,Good,Low,0,6.6,1,97,1
STD20907,8.5,70,78,59,Good,Medium,1,5.3,0,100,1
STD20908,7.1,60,100,49,Poor,Low,1,7.7,0,71,1
STD20909,9.6,56,78,54,Fair,Medium,0,8.7,0,80,1
STD20910,20.9,80,64,53,Good,High,0,8.5,0,100,1
STD20911,12.7,66,39,58,Fair,Medium,1,7.7,0,100,1
STD20912,8.0,93,95,58,Fair,Medium,1,3.8,1,96,1
STD20913,2.9,66,65,70,Good,Medium,1,6.0,0,98,1
STD20914,3.4,63,57,61,Good,Medium,1,6.0,0,97,1
STD20915,9.3,79,47,69,Good,Medium,1,6.9,0,100,1
STD20916,8.8,66,52,58,Good,Medium,0,9.0,0,97,1
STD20917,10.9,76,61,61,Good,Low,0,5.4,0,100,1
STD20918,0.6,90,74,54,Good,Medium,0,9.5,0,90,1
STD20919,11.5,78,56,73,Fair,Low,1,6.3,0,100,1
STD20920,17.1,78,81,63,Good,Medium,0,5.8,0,100,1
STD20921,20.1,79,74,56,Fair,Medium,0,7.9,0,100,1
STD20922,2.5,52,100,55,Poor,Low,0,8.0,0,63,1
STD20923,8.0,81,47,56,Fair,High,1,7.6,0,100,1
STD20924,7.7,78,81,58,Poor,Medium,1,5.8,0,85,1
STD20925,12.7,89,81,57,Good,Medium,0,7.5,0,100,1
STD20926,5.9,84,59,50,Fair,High,0,5.5,0,95,1
STD20927,20.4,73,80,69,Fair,Medium,1,5.8,1,100,1
STD20928,12.2,90,92,70,Poor,Low,0,6.7,0,100,1
STD20929,11.4,72,80,85,Fair,Low,1,5.7,0,100,1
STD20930,20.0,79,100,49,Fair,Medium,0,8.2,0,100,1
STD20931,11.9,72,39,68,Good,Low,1,6.0,0,100,1
STD20932,14.0,82,63,29,Fair,High,0,6.5,0,99,1
STD20933,8.2,71,100,70,Fair,Medium,1,5.7,0,100,1
STD20934,5.1,99,94,36,Fair,Medium,0,8.1,0,96,1
STD20935,8.9,100,88,43,Fair,Medium,0,5.9,0,93,1
STD20936,22.9,88,100,63,Fair,Medium,1,8.3,1,100,1
STD20937,15.2,98,44,49,Good,Medium,0,8.2,0,100,1
STD20938,13.4,54,92,47,Good,Medium,1,6.2,0,100,1
STD20939,7.1,56,97,51,Good,High,0,6.8,0,100,1
STD20940,16.6,71,66,69,Fair,Medium,0,6.2,0,100,1
STD20941,5.2,77,100,44,Poor,Medium,1,7.5,1,73,1
STD20942,4.2,73,82,57,Good,Medium,0,6.5,0,100,1
STD20943,9.2,53,39,52,Good,Medium,1,6.3,0,95,1
STD20944,21.8,92,85,70,Poor,Medium,0,6.9,0,100,1
STD20945,21.5,100,65,71,Good,Medium,0,4.7,0,100,1
STD20946,9.7,94,99,30,Fair,Low,1,6.7,0,100,1
STD20947,8.6,91,88,74,Poor,Medium,0,7.6,0,95,1
STD20948,3.8,79,67,49,Good,Low,0,7.0,1,66,1
STD20949,12.4,64,100,62,Good,High,0,8.0,0,100,1
STD20950,12.8,77,95,44,Good,Low,0,6.3,0,100,1
STD20951,15.9,100,63,64,Poor,Medium,1,6.2,1,100,1
STD20952,16.6,71,75,95,Fair,Low,0,5.3,1,97,1
STD20953,11.0,70,87,60,Good,Medium,0,6.3,0,100,1
STD20954,14.8,92,71,51,Good,Medium,0,9.4,0,100,1
STD20955,8.5,92,72,55,Fair,Medium,0,7.2,1,85,1
STD20956,14.7,64,79,36,Fair,Low,0,6.0,0,92,1
STD20957,9.5,72,59,80,Poor,Low,0,5.5,0,98,1
STD20958,14.3,69,38,63,Fair,Low,1,4.7,0,100,1
STD20959,13.9,77,82,42,Good,Medium,1,5.7,1,100,1
STD20960,12.3,91,42,43,Poor,High,0,7.8,0,92,1
STD20961,16.0,65,60,58,Poor,Medium,0,6.2,0,100,1
STD20962,4.1,91,46,72,Fair,High,0,5.6,0,95,1
STD20963,6.7,77,48,41,Fair,Medium,0,5.7,0,87,1
STD20964,10.6,100,86,75,Fair,Medium,0,7.6,0,100,1
STD20965,4.8,80,74,57,Poor,High,1,6.7,0,90,1
STD20966,10.0,75,73,44,Good,Low,1,6.0,0,100,1
STD20967,10.1,84,54,51,Fair,High,0,6.4,0,100,1
STD20968,18.5,71,66,84,Fair,Medium,0,9.5,1,100,1
STD20969,12.7,51,85,37,Fair,Medium,1,8.4,0,100,1
STD20970,17.1,73,77,47,Fair,High,1,8.7,0,100,1
STD20971,13.5,72,93,72,Fair,Medium,0,4.5,0,100,1
STD20972,9.3,54,95,61,Good,High,1,6.6,0,100,1
STD20973,12.7,75,73,46,Fair,High,0,6.0,0,100,1
STD20974,15.6,47,45,72,Fair,Low,1,7.5,0,100,1
STD20975,18.0,71,64,73,Fair,Medium,0,8.2,0,100,1
STD20976,11.3,79,76,63,Fair,High,1,7.2,0,100,1
STD20977,3.8,77,64,49,Fair,Low,0,5.7,0,68,1
STD20978,3.4,70,59,51,Fair,Medium,0,5.9,0,83,1
STD20979,10.4,75,79,62,Fair,Low,1,7.6,1,94,1
STD20980,0.3,65,100,38,Poor,Low,1,7.7,0,69,1
STD20981,21.0,76,69,78,Good,Medium,1,7.0,1,100,1
STD20982,15.0,77,78,84,Poor,Medium,0,7.0,0,100,1
STD20983,8.8,63,54,54,Good,Medium,1,6.9,0,100,1
STD20984,6.5,80,100,63,Fair,Medium,0,7.1,0,100,1
STD20985,17.1,80,94,76,Poor,Low,1,7.7,0,100,1
STD20986,6.4,74,93,87,Good,Medium,0,7.6,0,100,1
STD20987,6.9,100,100,81,Fair,Low,0,6.8,0,100,1
STD20988,8.2,74,70,32,Good,Low,0,6.7,0,66,1
STD20989,12.6,72,73,53,Good,Medium,1,6.7,0,100,1
STD20990,15.1,70,100,66,Good,Medium,1,5.8,0,100,1
STD20991,18.0,62,89,51,Fair,Low,0,5.8,0,100,1
STD20992,17.2,86,38,85,Good,Low,1,7.5,0,100,1
STD20993,12.0,66,86,82,Fair,Medium,0,5.9,0,99,1
STD20994,17.1,68,68,46,Good,Low,0,7.9,0,100,1
STD20995,8.6,68,94,56,Poor,High,0,6.7,0,93,1
STD20996,2.9,62,85,47,Good,Medium,1,7.9,0,87,1
STD20997,8.6,51,47,55,Good,Low,1,7.6,0,94,1
STD20998,8.0,70,83,55,Fair,High,1,7.9,0,100,1
STD20999,8.8,88,82,72,Good,Medium,0,6.2,0,100,1
STD21000,7.2,79,85,45,Good,High,0,7.3,0,100,1
STD21001,9.7,98,88,20,Good,Medium,1,7.8,0,100,1
STD21002,15.1,87,100,34,Poor,Medium,0,4.8,0,100,1
STD21003,20.6,83,85,43,Fair,Medium,1,9.0,0,100,1
STD21004,3.4,100,78,48,Good,Medium,1,9.5,0,100,1
STD21005,5.6,75,99,61,Poor,Medium,0,8.0,1,85,1
STD21006,8.0,77,100,42,Good,Low,0,7.8,1,87,1
STD21007,15.8,76,94,40,Good,Medium,1,7.6,0,100,1
STD21008,11.0,98,82,44,Fair,Low,1,6.4,0,100,1
STD21009,8.4,76,86,41,Good,High,1,6.7,0,100,1
STD21010,15.6,67,83,50,Poor,Medium,1,8.1,0,100,1
STD21011,16.8,84,78,49,Good,High,0,5.5,0,100,1
STD21012,11.9,65,100,68,Good,Low,1,5.4,0,100,1
STD21013,7.9,83,65,43,Fair,Medium,1,6.3,0,100,1
STD21014,13.4,82,99,53,Fair,Medium,1,7.7,0,100,1
STD21015,10.8,73,76,50,Fair,Medium,0,5.7,1,87,1
STD21016,10.8,84,51,70,Fair,High,0,6.5,0,100,1
STD21017,9.4,55,75,56,Good,Medium,0,6.7,1,95,1
STD21018,16.6,78,68,74,Fair,Medium,0,5.5,0,100,1
STD21019,13.2,70,88,41,Fair,Medium,1,3.6,0,100,1
STD21020,17.2,100,80,57,Fair,Low,1,5.5,0,100,1
STD21021,18.7,78,60,49,Good,Medium,0,7.1,0,100,1
STD21022,14.3,68,100,40,Good,Medium,1,7.4,0,100,1
STD21023,9.5,57,98,57,Poor,Low,0,7.4,1,77,1
STD21024,17.2,94,100,84,Fair,Medium,1,7.6,0,100,1
STD21025,14.3,71,82,45,Poor,Medium,1,6.0,0,100,1
STD21026,25.0,65,77,56,Poor,Low,1,5.7,1,100,1
STD21027,13.6,81,91,38,Fair,Medium,1,7.3,0,100,1
STD21028,15.5,85,68,36,Good,Medium,1,6.5,0,100,1
STD21029,13.5,85,80,46,Fair,High,1,8.0,0,100,1
STD21030,11.5,76,75,51,Poor,Medium,0,7.3,0,90,1
STD21031,10.7,78,52,52,Fair,Medium,1,8.5,0,90,1
STD21032,13.5,79,80,55,Good,Medium,0,6.2,0,100,1
STD21033,14.6,81,70,33,Fair,Low,0,8.2,0,100,1
STD21034,17.8,82,74,49,Fair,Low,1,9.4,0,100,1
STD21035,13.5,91,85,66,Good,Low,1,6.9,0,100,1
STD21036,9.7,77,100,38,Poor,Low,1,7.4,0,77,1
STD21037,10.4,65,63,53,Good,Low,0,5.6,0,91,1
STD21038,5.4,74,72,62,Good,Medium,0,8.0,0,97,1
STD21039,20.3,87,64,46,Good,Medium,0,8.3,0,100,1
STD21040,9.3,51,63,63,Poor,Low,1,6.2,0,81,1
STD21041,16.8,51,67,35,Poor,Medium,1,7.6,0,96,1
STD21042,13.4,89,74,71,Good,Low,1,7.2,0,100,1
STD21043,13.5,97,89,63,Fair,Medium,0,7.3,0,100,1
STD21044,11.4,58,84,59,Fair,High,1,7.9,0,100,1
STD21045,8.1,77,59,75,Fair,Medium,0,7.5,0,94,1
STD21046,7.2,70,100,53,Poor,Low,1,6.6,0,100,1
STD21047,20.6,72,95,49,Fair,Medium,0,7.9,0,100,1
STD21048,12.6,80,62,79,Good,Medium,0,8.2,0,100,1
STD21049,17.6,58,100,86,Good,Low,1,6.1,0,100,1
STD21050,18.9,60,84,48,Fair,High,1,6.8,0,100,1
STD21051,9.9,72,75,56,Good,Medium,0,4.5,0,100,1
STD21052,14.1,74,84,74,Good,Low,0,7.6,0,100,1
STD21053,12.2,60,78,57,Poor,Medium,1,8.4,0,98,1
STD21054,6.2,87,88,67,Good,Medium,1,6.5,0,100,1
STD21055,11.1,70,81,70,Poor,Medium,1,7.0,0,95,1
STD21056,14.9,70,72,50,Fair,High,0,6.5,0,100,1
STD21057,9.5,80,42,64,Fair,High,1,6.3,0,100,1
STD21058,10.4,74,87,58,Poor,Low,0,7.1,1,83,1
STD21059,11.1,88,71,40,Poor,Low,0,5.8,0,82,1
STD21060,22.6,63,92,43,Fair,Medium,0,6.5,0,100,1
STD21061,2.8,56,87,48,Fair,Medium,0,5.6,1,66,1
STD21062,14.5,72,72,72,Fair,Medium,0,7.6,0,100,1
STD21063,10.7,77,96,72,Fair,Low,0,7.1,0,100,1
STD21064,8.8,59,82,69,Good,High,0,6.2,0,100,1
STD21065,10.6,57,81,65,Good,Medium,1,6.8,1,96,1
STD21066,15.3,79,76,64,Poor,High,0,6.5,0,100,1
STD21067,15.6,65,100,62,Good,High,0,8.3,0,100,1
STD21068,12.9,56,65,64,Poor,Low,0,6.2,0,85,1
STD21069,17.5,90,72,65,Fair,Low,1,7.6,0,100,1
STD21070,18.3,67,56,37,Fair,Low,1,5.9,0,100,1
STD21071,16.1,92,91,46,Poor,High,0,7.9,0,100,1
STD21072,9.3,76,68,43,Poor,Medium,1,8.1,0,84,1
STD21073,14.5,80,70,75,Good,High,1,8.2,0,100,1
STD21074,14.5,73,69,83,Good,Medium,1,8.7,0,100,1
STD21075,7.9,39,79,25,Good,Medium,0,7.2,0,80,1
STD21076,4.2,60,55,81,Good,High,0,8.4,0,100,1
STD21077,1.9,74,38,59,Fair,Medium,0,8.9,0,76,1
STD21078,12.3,81,86,73,Poor,Medium,0,5.3,0,100,1
STD21079,13.5,51,40,66,Poor,Medium,0,6.0,0,75,1
STD21080,6.1,75,93,80,Fair,Low,1,4.9,0,94,1
STD21081,17.2,60,100,61,Good,Low,0,8.2,0,100,1
STD21082,12.8,79,75,38,Fair,Low,0,4.8,0,93,1
STD21083,18.7,76,100,56,Poor,Medium,1,4.5,0,100,1
STD21084,13.9,86,78,66,Fair,Medium,1,5.4,0,100,1
STD21085,6.7,91,100,55,Good,Medium,0,4.5,0,100,1
STD21086,14.3,82,70,68,Fair,Low,1,7.2,0,100,1
STD21087,15.4,88,35,57,Good,Medium,0,5.4,0,100,1
STD21088,9.3,71,77,49,Fair,High,0,4.6,0,98,1
STD21089,4.8,100,100,42,Fair,Medium,0,6.7,0,88,1
STD21090,12.5,59,88,52,Fair,High,0,6.8,0,99,1
STD21091,7.0,69,69,61,Good,Low,1,4.4,0,88,1
STD21092,17.6,89,84,29,Good,Low,0,5.9,0,97,1
STD21093,10.0,87,95,46,Fair,Medium,1,6.7,0,100,1
STD21094,20.6,83,76,28,Fair,Low,0,6.3,0,99,1
STD21095,1.4,85,100,49,Poor,Medium,1,6.4,0,85,1
STD21096,12.7,47,69,76,Poor,High,0,8.3,0,100,1
STD21097,19.1,98,96,40,Poor,Low,1,9.5,0,100,1
STD21098,7.5,73,92,69,Poor,High,0,6.4,0,99,1
STD21099,11.2,93,65,95,Good,Low,1,5.1,0,100,1
STD21100,10.0,48,70,80,Good,Medium,1,6.5,0,100,1
STD21101,8.6,80,96,60,Good,Medium,1,7.1,0,100,1
STD21102,13.2,68,81,71,Good,Medium,0,6.7,0,100,1
STD21103,5.5,84,84,37,Good,Low,1,7.6,0,90,1
STD21104,11.4,80,49,34,Good,High,1,9.5,1,98,1
STD21105,14.6,81,90,58,Fair,High,0,4.6,0,100,1
STD21106,10.9,61,83,64,Poor,Medium,1,6.1,0,100,1
STD21107,7.0,75,77,74,Poor,Medium,1,8.8,0,100,1
STD21108,17.2,73,84,49,Good,Medium,1,6.1,0,100,1
STD21109,15.7,83,71,61,Poor,Medium,0,7.8,0,100,1
STD21110,6.8,90,67,60,Fair,Medium,0,7.6,0,94,1
STD21111,5.5,78,74,56,Fair,Medium,0,8.4,0,86,1
STD21112,7.2,58,70,57,Fair,High,1,9.3,0,100,1
STD21113,14.7,78,100,45,Fair,Medium,1,7.2,0,100,1
STD21114,13.4,100,94,62,Good,Low,0,4.5,0,100,1
STD21115,16.0,99,61,61,Fair,High,0,5.9,0,100,1
STD21116,10.4,35,100,51,Good,Low,0,9.5,0,100,1
STD21117,7.4,77,70,68,Poor,Low,0,5.0,0,84,1
STD21118,16.6,89,79,73,Good,High,1,7.4,0,100,1
STD21119,9.2,73,94,68,Fair,Low,1,3.5,1,79,1
STD21120,12.9,70,43,42,Fair,Low,0,5.0,0,70,1
STD21121,4.3,72,74,59,Good,Medium,0,8.0,0,95,1
STD21122,9.2,84,68,44,Good,High,0,6.8,0,100,1
STD21123,17.0,60,82,59,Good,Low,1,6.3,0,100,1
STD21124,8.4,93,85,44,Good,Medium,1,5.7,0,94,1
STD21125,16.1,75,77,77,Fair,Low,0,4.2,1,87,1
STD21126,0.3,63,76,70,Fair,Medium,0,7.7,0,80,1
STD21127,9.2,92,97,75,Poor,Medium,1,6.4,0,100,1
STD21128,11.1,54,83,74,Good,Low,1,4.8,0,100,1
STD21129,20.7,68,79,54,Good,High,0,6.8,1,100,1
STD21130,6.2,68,81,52,Good,Medium,0,7.6,1,79,1
STD21131,15.4,100,100,84,Good,High,1,6.5,0,100,1
STD21132,17.3,66,81,56,Fair,High,1,7.0,0,100,1
STD21133,8.4,46,69,38,Poor,High,1,6.8,0,85,1
STD21134,10.1,68,44,73,Poor,Medium,0,5.9,0,84,1
STD21135,12.7,82,52,60,Fair,Medium,0,6.9,0,99,1
STD21136,4.6,87,70,81,Good,High,0,7.8,0,100,1
STD21137,9.7,100,76,62,Poor,Medium,1,8.1,0,98,1
STD21138,18.4,96,68,58,Good,Low,1,7.8,0,100,1
STD21139,14.6,79,84,81,Good,Medium,0,5.9,0,100,1
STD21140,11.2,64,68,35,Fair,Medium,1,7.6,0,95,1
STD21141,12.6,99,62,49,Good,Medium,1,7.4,0,100,1
STD21142,14.9,71,89,45,Fair,High,0,5.9,0,100,1
STD21143,15.9,67,100,25,Good,Medium,1,6.2,0,100,1
STD21144,9.2,70,58,71,Fair,Low,1,7.7,0,100,1
STD21145,19.7,58,82,50,Fair,Low,0,8.6,0,100,1
STD21146,18.6,69,44,72,Poor,High,1,4.4,0,100,1
STD21147,15.4,73,51,64,Fair,Medium,0,8.9,0,100,1
STD21148,7.8,86,67,67,Good,Medium,1,8.3,0,100,1
STD21149,6.9,71,98,51,Good,High,1,7.1,0,100,1
STD21150,10.4,58,64,47,Good,High,1,6.5,1,100,1
STD21151,12.3,54,63,59,Poor,Medium,1,7.3,0,97,1
STD21152,3.2,79,79,72,Good,Medium,0,6.0,0,95,1
STD21153,14.5,77,79,57,Poor,Low,0,6.6,0,100,1
STD21154,18.4,68,64,47,Poor,High,1,4.9,1,100,1
STD21155,14.9,69,100,40,Good,Medium,0,4.5,0,100,1
STD21156,8.6,81,73,61,Good,Medium,1,9.5,0,100,1
STD21157,8.0,95,80,50,Good,Low,0,6.9,0,98,1
STD21158,13.5,65,71,57,Good,Medium,0,7.1,0,100,1
STD21159,11.2,77,86,54,Poor,Medium,0,6.8,0,92,1
STD21160,14.2,89,100,51,Poor,Medium,1,5.7,0,94,1
STD21161,15.0,65,100,62,Poor,Medium,0,6.4,0,100,1
STD21162,17.5,76,64,66,Fair,High,1,6.9,0,100,1
STD21163,6.3,75,98,87,Fair,Medium,0,6.5,0,100,1
STD21164,13.1,58,88,69,Poor,High,1,5.8,0,100,1
STD21165,10.2,78,96,82,Fair,Low,1,7.4,0,100,1
STD21166,11.5,76,76,46,Fair,Medium,0,7.0,0,91,1
STD21167,16.3,84,75,34,Good,Low,0,7.3,0,100,1
STD21168,16.9,59,95,58,Fair,Medium,0,7.7,0,100,1
STD21169,19.0,76,95,71,Fair,High,0,6.6,0,100,1
STD21170,14.1,95,100,69,Good,Low,1,6.6,0,100,1
STD21171,11.4,100,82,76,Good,High,0,8.7,0,100,1
STD21172,10.7,94,76,20,Fair,Medium,1,5.6,0,100,1
STD21173,3.3,60,34,77,Poor,Medium,1,4.4,0,76,1
STD21174,18.7,82,49,63,Good,Low,0,7.5,0,100,1
STD21175,10.4,69,71,35,Good,Medium,1,6.0,1,95,1
STD21176,14.5,80,58,69,Poor,High,1,5.4,0,100,1
STD21177,15.4,65,93,61,Fair,Medium,0,8.0,0,100,1
STD21178,5.8,52,54,64,Fair,Medium,1,6.6,0,90,1
STD21179,7.4,71,69,73,Poor,High,1,5.2,0,100,1
STD21180,19.7,86,70,64,Poor,Medium,0,9.3,0,100,1
STD21181,13.5,80,100,36,Good,Low,0,4.7,1,94,1
STD21182,9.1,82,67,56,Fair,Medium,1,6.7,0,83,1
STD21183,11.4,79,86,34,Poor,Medium,0,4.3,0,71,1
STD21184,17.4,82,82,68,Good,High,1,7.2,0,100,1
STD21185,16.7,83,94,79,Fair,Medium,1,6.0,0,100,1
STD21186,4.7,72,93,39,Fair,Medium,1,7.9,0,86,1
STD21187,20.2,77,77,48,Fair,High,0,6.8,0,100,1
STD21188,16.8,100,47,45,Poor,Medium,0,8.6,0,100,1
STD21189,11.2,78,74,51,Poor,Medium,1,6.2,0,89,1
STD21190,6.0,77,78,64,Good,High,0,4.7,1,83,1
STD21191,17.3,77,83,51,Fair,Low,0,7.1,0,92,1
STD21192,14.4,73,65,68,Good,Medium,0,6.5,0,100,1
STD21193,4.7,70,99,74,Poor,High,0,4.4,0,88,1
STD21194,10.8,79,78,75,Good,Medium,0,5.4,0,100,1
STD21195,27.6,69,61,41,Fair,High,0,5.8,0,100,1
STD21196,12.1,74,70,79,Good,Medium,1,8.8,1,100,1
STD21197,8.3,65,100,80,Fair,Medium,1,7.7,0,100,1
STD21198,7.0,78,90,81,Fair,Medium,1,6.3,0,100,1
STD21199,20.9,84,97,56,Poor,Low,1,7.4,0,100,1
STD21200,16.2,73,59,47,Poor,High,0,4.1,0,95,1
STD21201,19.0,48,66,43,Good,Low,0,6.1,0,94,1
STD21202,13.2,84,66,41,Poor,Medium,1,7.3,0,100,1
STD21203,18.3,78,81,58,Poor,Medium,0,7.0,0,100,1
STD21204,7.8,62,75,71,Good,Low,0,6.1,0,100,1
STD21205,12.8,87,69,78,Fair,Medium,0,6.8,0,100,1
STD21206,13.4,56,71,51,Fair,Medium,1,7.2,0,99,1
STD21207,18.9,91,64,57,Good,Low,0,6.8,0,100,1
STD21208,13.6,75,75,56,Good,High,0,7.9,0,100,1
STD21209,8.9,44,98,48,Poor,High,0,7.2,0,89,1
STD21210,12.3,78,51,69,Fair,Low,1,7.5,0,95,1
STD21211,3.6,70,84,63,Fair,High,0,9.0,0,87,1
STD21212,0.4,68,100,60,Fair,Medium,1,7.9,0,90,1
STD21213,16.2,66,75,63,Good,Low,0,9.1,0,89,1
STD21214,10.1,74,68,67,Good,Medium,0,5.9,0,100,1
STD21215,10.7,69,95,67,Poor,High,0,4.7,0,93,1
STD21216,16.2,50,60,45,Poor,Medium,0,6.6,1,86,1
STD21217,19.0,94,78,71,Good,Low,0,6.5,0,100,1
STD21218,14.7,73,59,62,Fair,Medium,1,8.7,0,100,1
STD21219,21.6,66,44,51,Good,Medium,0,5.3,0,100,1
STD21220,14.5,60,75,62,Poor,Medium,1,6.7,1,85,1
STD21221,13.5,87,55,63,Poor,Medium,0,7.3,0,92,1
STD21222,13.2,58,78,74,Good,High,0,6.9,1,100,1
STD21223,5.6,78,98,42,Good,Medium,1,6.6,0,90,1
STD21224,16.8,68,100,78,Poor,Low,1,7.3,0,100,1
STD21225,0.0,69,80,58,Good,High,0,8.2,0,91,1
STD21226,9.1,61,96,50,Fair,Medium,0,8.8,0,100,1
STD21227,12.1,67,85,50,Poor,Medium,1,6.8,0,85,1
STD21228,8.1,76,71,43,Fair,Medium,0,5.7,0,81,1
STD21229,9.7,79,43,32,Fair,Medium,1,8.8,0,80,1
STD21230,21.2,65,100,68,Good,Low,1,5.4,0,100,1
STD21231,17.5,75,59,88,Fair,Medium,0,9.1,1,100,1
STD21232,8.6,88,100,34,Fair,High,1,8.5,0,100,1
STD21233,9.7,53,88,44,Poor,High,0,8.7,0,93,1
STD21234,5.6,76,60,69,Good,Medium,1,7.7,0,100,1
STD21235,15.5,63,84,57,Good,Low,1,4.1,0,100,1
STD21236,10.8,61,100,71,Fair,Medium,1,5.4,0,100,1
STD21237,2.2,80,100,56,Fair,High,1,7.2,0,100,1
STD21238,12.5,68,69,49,Good,Medium,1,5.9,0,100,1
STD21239,14.2,59,65,55,Poor,Medium,0,6.4,0,94,1
STD21240,16.8,95,80,22,Good,Medium,0,7.6,0,100,1
STD21241,11.6,89,75,41,Fair,Low,0,6.6,0,100,1
STD21242,10.1,49,100,72,Good,Medium,0,5.2,0,93,1
STD21243,21.9,55,91,76,Fair,Medium,1,8.0,0,100,1
STD21244,12.0,84,48,79,Fair,Medium,0,7.5,0,100,1
STD21245,15.6,72,86,65,Fair,Low,1,6.5,0,100,1
STD21246,9.3,97,75,24,Poor,High,0,7.7,0,89,1
STD21247,15.4,85,79,48,Poor,Medium,0,6.9,0,100,1
STD21248,4.7,80,82,78,Good,High,0,8.5,0,96,1
STD21249,9.7,62,100,82,Fair,Medium,1,7.0,0,100,1
STD21250,6.0,83,96,78,Poor,Medium,0,8.5,0,100,1
STD21251,9.0,58,65,54,Fair,Medium,0,4.4,0,85,1
STD21252,18.3,94,77,38,Fair,Medium,0,7.4,0,100,1
STD21253,8.9,82,70,57,Fair,Medium,1,6.3,0,100,1
STD21254,15.6,64,48,58,Poor,Medium,0,5.7,0,84,1
STD21255,19.6,87,76,81,Good,Low,1,8.3,0,100,1
STD21256,11.9,100,100,61,Good,High,0,8.0,0,100,1
STD21257,17.0,73,47,58,Poor,Medium,0,4.2,0,88,1
STD21258,14.7,84,78,59,Good,Low,1,7.7,0,100,1
STD21259,12.6,70,77,64,Fair,High,1,7.6,0,100,1
STD21260,15.8,77,83,67,Fair,Low,1,5.9,1,100,1
STD21261,21.2,55,61,47,Good,High,0,5.7,0,100,1
STD21262,8.8,76,52,42,Good,Medium,1,4.7,0,96,1
STD21263,7.2,77,53,79,Fair,Medium,0,6.4,0,100,1
STD21264,6.9,100,100,33,Fair,Low,1,6.6,0,87,1
STD21265,17.0,51,60,83,Fair,Low,0,7.8,1,91,1
STD21266,17.6,72,69,29,Fair,Low,0,7.2,0,99,1
STD21267,9.3,94,100,49,Good,Low,0,5.4,0,99,1
STD21268,1.3,73,65,73,Poor,Medium,1,7.1,0,81,1
STD21269,8.6,74,84,58,Good,Medium,1,6.5,0,100,1
STD21270,14.7,64,97,38,Good,Medium,0,5.6,0,100,1
STD21271,11.7,63,96,64,Poor,Low,0,4.7,0,95,1
STD21272,12.9,50,54,59,Good,Low,0,7.6,0,91,1
STD21273,9.4,67,65,55,Good,Low,0,7.4,0,81,1
STD21274,17.1,62,83,49,Fair,Low,1,7.5,0,100,1
STD21275,13.7,78,100,57,Fair,Medium,0,5.9,0,100,1
STD21276,14.9,65,64,49,Good,Low,0,7.0,0,100,1
STD21277,12.8,69,69,95,Good,Medium,0,5.0,0,100,1
STD21278,14.6,70,86,54,Fair,High,0,5.5,0,100,1
STD21279,14.3,75,89,52,Good,Low,1,6.8,0,100,1
STD21280,7.4,69,90,50,Good,Low,0,7.1,0,82,1
STD21281,13.9,61,63,85,Good,Medium,1,4.7,0,100,1
STD21282,16.0,77,68,33,Poor,Medium,1,5.4,0,97,1
STD21283,17.8,91,82,63,Fair,Low,0,6.3,0,100,1
STD21284,14.1,78,100,54,Good,High,0,8.0,0,100,1
STD21285,7.2,67,74,37,Poor,Medium,1,5.7,0,84,1
STD21286,7.9,74,78,46,Fair,High,1,7.0,0,93,1
STD21287,9.8,47,60,63,Fair,High,0,7.1,0,93,1
STD21288,12.9,74,100,45,Fair,Medium,1,6.5,0,100,1
STD21289,11.4,70,81,62,Good,Medium,0,7.1,0,100,1
STD21290,6.4,63,97,84,Poor,Medium,0,5.1,0,78,1
STD21291,6.4,65,79,61,Good,High,0,5.9,0,100,1
STD21292,1.5,70,80,36,Fair,Medium,1,8.7,0,79,1
STD21293,0.0,90,51,45,Good,Medium,0,8.8,0,90,1
STD21294,11.3,91,39,54,Fair,Low,0,7.9,0,91,1
STD21295,23.6,63,100,53,Poor,Medium,0,8.2,0,100,1
STD21296,21.0,69,79,60,Good,Medium,0,4.4,1,100,1
STD21297,7.1,69,82,63,Good,High,0,5.6,0,96,1
STD21298,12.7,87,56,84,Fair,Low,1,6.4,0,100,1
STD21299,4.7,78,62,58,Fair,High,0,9.5,0,92,1
STD21300,5.4,77,97,41,Fair,Low,1,6.4,0,88,1
STD21301,6.0,84,100,75,Good,Medium,1,7.8,0,100,1
STD21302,10.9,68,67,77,Fair,Medium,1,7.3,0,100,1
STD21303,11.1,95,90,61,Good,Medium,1,7.3,0,100,1
STD21304,13.3,76,81,54,Fair,Medium,0,6.8,0,100,1
STD21305,15.3,64,76,67,Good,Low,0,5.2,0,99,1
STD21306,10.3,73,100,55,Fair,Low,0,3.5,0,100,1
STD21307,12.2,93,70,27,Poor,High,0,8.5,0,94,1
STD21308,6.5,70,100,66,Good,Low,0,6.0,0,100,1
STD21309,5.3,89,85,71,Poor,Medium,1,4.4,0,99,1
STD21310,4.5,67,78,80,Good,Medium,1,7.4,0,100,1
STD21311,15.2,65,100,47,Poor,Low,0,7.3,0,92,1
STD21312,10.3,85,83,61,Fair,High,1,7.8,0,100,1
STD21313,2.6,64,76,62,Good,High,0,8.3,0,100,1
STD21314,11.7,88,100,59,Good,High,0,5.6,0,100,1
STD21315,5.8,81,100,60,Poor,High,0,5.7,0,82,1
STD21316,20.3,64,100,59,Fair,Medium,1,6.4,0,100,1
STD21317,9.1,75,20,61,Poor,High,0,7.9,0,98,1
STD21318,15.4,68,86,69,Good,Low,0,4.1,0,90,1
STD21319,17.4,81,82,76,Poor,Low,0,7.0,0,100,1
STD21320,7.2,100,77,47,Fair,Medium,0,8.0,1,86,1
STD21321,12.4,71,89,55,Poor,Medium,1,8.0,0,100,1
STD21322,14.8,83,83,52,Good,Medium,0,7.7,0,100,1
STD21323,12.6,76,90,50,Good,Medium,1,8.2,1,100,1
STD21324,13.8,76,73,34,Good,Medium,1,3.5,0,100,1
STD21325,5.4,74,100,58,Fair,High,0,8.9,0,100,1
STD21326,14.8,64,92,65,Fair,Low,0,7.2,0,100,1
STD21327,9.6,81,88,56,Poor,Low,1,8.5,0,100,1
STD21328,13.7,72,87,58,Good,Medium,0,5.3,0,100,1
STD21329,16.6,63,99,64,Poor,High,0,4.5,0,100,1
STD21330,15.3,90,96,79,Fair,High,1,9.1,0,100,1
STD21331,13.7,77,76,52,Fair,Low,1,5.6,0,100,1
STD21332,15.2,73,96,40,Good,High,1,6.4,0,100,1
STD21333,15.4,95,81,57,Fair,Medium,1,7.5,0,100,1
STD21334,19.5,50,100,86,Fair,High,0,7.8,1,100,1
STD21335,11.8,94,98,41,Good,Low,1,8.2,0,100,1
STD21336,12.8,64,67,68,Good,Medium,0,7.1,0,100,1
STD21337,16.7,79,100,75,Fair,Medium,1,5.4,0,100,1
STD21338,9.5,68,40,23,Good,Medium,0,7.7,0,90,1
STD21339,5.3,63,89,64,Fair,Low,0,7.7,0,74,1
STD21340,14.5,94,65,67,Fair,Medium,0,4.4,0,100,1
STD21341,11.0,100,100,54,Poor,Medium,1,8.6,0,100,1
STD21342,6.0,73,83,48,Good,Medium,0,3.6,0,93,1
STD21343,14.5,81,64,49,Good,Medium,1,8.1,0,100,1
STD21344,19.2,77,73,53,Poor,Medium,0,6.0,0,100,1
STD21345,3.9,100,65,53,Fair,High,0,7.7,0,93,1
STD21346,17.1,46,72,51,Good,Medium,0,7.5,0,100,1
STD21347,0.0,81,72,53,Poor,Medium,0,6.8,0,72,1
STD21348,10.0,66,64,76,Good,High,1,7.4,0,100,1
STD21349,21.2,43,83,40,Good,Medium,1,6.7,0,100,1
STD21350,10.4,71,85,32,Fair,Low,1,7.7,0,93,1
STD21351,12.4,100,60,76,Fair,Medium,0,9.5,0,100,1
STD21352,15.8,67,48,55,Fair,High,0,5.1,0,100,1
STD21353,3.4,87,84,52,Fair,Low,1,3.5,1,81,1
STD21354,12.4,93,88,56,Fair,Medium,1,6.3,0,100,1
STD21355,12.3,76,91,61,Good,Low,1,6.2,0,100,1
STD21356,21.3,78,88,50,Good,High,0,6.3,0,100,1
STD21357,5.8,52,100,66,Poor,Medium,1,5.6,0,92,1
STD21358,10.1,66,96,44,Good,High,0,7.9,0,100,1
STD21359,7.4,89,100,53,Fair,Medium,1,5.0,0,96,1
STD21360,6.8,77,100,25,Good,Low,1,7.4,0,98,1
STD21361,17.6,81,46,76,Poor,Medium,1,7.6,0,100,1
STD21362,12.1,78,38,55,Fair,High,0,7.2,1,84,1
STD21363,9.2,100,78,68,Fair,Low,1,7.4,1,96,1
STD21364,9.4,70,87,65,Fair,Low,0,8.0,0,94,1
STD21365,9.2,98,77,66,Good,Medium,0,6.9,0,100,1
STD21366,9.6,78,91,58,Poor,Medium,1,6.3,1,93,1
STD21367,5.7,100,73,64,Poor,Low,0,7.4,0,86,1
STD21368,10.7,59,66,44,Fair,Low,0,7.6,0,78,1
STD21369,10.2,79,68,40,Fair,Medium,1,8.0,0,97,1
STD21370,8.2,70,74,56,Fair,Medium,1,4.6,0,100,1
STD21371,12.8,78,93,48,Fair,Medium,1,6.6,0,100,1
STD21372,13.2,93,69,79,Poor,Medium,0,5.4,0,100,1
STD21373,9.2,81,73,64,Good,High,1,7.5,1,100,1
STD21374,11.3,93,88,47,Fair,Low,0,7.7,0,98,1
STD21375,22.8,67,74,54,Fair,Medium,0,6.4,0,100,1
STD21376,22.6,64,98,60,Fair,Medium,0,5.9,0,100,1
STD21377,6.7,76,61,57,Good,Medium,1,7.6,1,86,1
STD21378,7.4,75,58,62,Good,Medium,0,6.6,0,87,1
STD21379,6.7,73,83,59,Poor,Medium,0,8.7,0,93,1
STD21380,17.3,63,85,37,Good,High,1,9.1,0,100,1
STD21381,10.0,93,62,26,Poor,Low,1,8.1,0,82,1
STD21382,13.2,71,100,52,Poor,Low,1,7.1,0,100,1
STD21383,22.0,96,100,66,Good,Medium,1,9.2,1,100,1
STD21384,11.9,76,67,53,Good,Medium,1,7.1,0,100,1
STD21385,15.5,85,100,77,Poor,Low,0,6.2,1,99,1
STD21386,14.6,84,35,57,Good,High,0,5.9,0,100,1
STD21387,9.1,64,97,78,Good,High,1,5.9,0,100,1
STD21388,17.3,81,63,75,Good,Medium,1,6.8,0,100,1
STD21389,7.8,100,96,74,Good,Medium,1,7.4,0,100,1
STD21390,18.7,80,61,40,Fair,Low,0,5.0,1,92,1
STD21391,9.1,89,77,58,Good,Medium,1,6.2,0,100,1
STD21392,9.6,86,63,76,Poor,Medium,1,7.1,0,87,1
STD21393,6.6,80,74,62,Fair,High,0,7.6,0,99,1
STD21394,7.4,79,100,66,Fair,Medium,1,6.8,0,100,1
STD21395,9.9,84,76,37,Good,Low,1,7.1,0,92,1
STD21396,0.0,87,100,87,Poor,Low,1,5.2,1,72,1
STD21397,10.8,57,71,46,Fair,Low,1,5.6,0,84,1
STD21398,9.5,79,100,28,Good,High,0,6.7,0,100,1
STD21399,16.0,73,49,53,Fair,High,1,7.5,0,100,1
STD21400,14.1,71,73,21,Fair,High,0,7.1,0,100,1
STD21401,8.5,94,68,42,Fair,High,1,5.7,0,100,1
STD21402,9.7,66,100,95,Good,Low,1,6.5,0,100,1
STD21403,10.8,56,81,52,Fair,Medium,1,8.8,0,100,1
STD21404,19.4,87,40,37,Fair,Medium,1,7.5,0,100,1
STD21405,7.9,56,54,58,Fair,Low,1,6.6,0,88,1
STD21406,8.4,49,60,45,Good,Medium,0,5.5,0,79,1
STD21407,6.4,89,95,71,Good,Medium,0,5.9,0,100,1
STD21408,4.6,78,92,45,Poor,High,0,6.8,0,90,1
STD21409,13.5,83,73,62,Good,Low,1,7.2,0,95,1
STD21410,13.0,70,68,41,Good,High,1,7.5,0,100,1
STD21411,18.4,57,91,95,Good,High,1,7.3,0,100,1
STD21412,17.2,59,58,66,Fair,High,0,6.3,0,100,1
STD21413,24.0,72,86,56,Poor,Low,1,6.1,0,100,1
STD21414,11.6,58,85,54,Good,Low,0,9.5,1,93,1
STD21415,10.7,80,73,50,Fair,Medium,1,6.1,0,100,1
STD21416,5.5,70,85,47,Fair,Medium,1,5.1,0,95,1
STD21417,15.5,79,80,46,Poor,Low,0,4.7,0,79,1
STD21418,12.6,78,87,83,Fair,High,1,6.3,0,100,1
STD21419,15.3,81,54,50,Fair,Low,0,8.0,0,100,1
STD21420,6.3,83,89,26,Poor,Medium,0,6.1,0,76,1
STD21421,13.8,71,96,41,Good,High,1,8.7,0,100,1
STD21422,13.0,79,84,72,Good,Medium,1,6.8,0,100,1
STD21423,12.7,79,89,54,Fair,High,0,8.2,0,100,1
STD21424,8.6,42,76,56,Poor,Medium,0,5.8,0,69,1
STD21425,17.9,85,94,76,Poor,Medium,0,5.8,0,100,1
STD21426,22.3,78,79,46,Fair,Low,0,6.9,0,100,1
STD21427,6.4,84,57,67,Good,Medium,0,7.4,0,100,1
STD21428,15.6,58,93,48,Fair,Medium,0,6.6,0,100,1
STD21429,0.0,72,49,67,Good,High,1,7.2,0,95,1
STD21430,15.3,61,83,52,Good,High,0,7.6,0,100,1
STD21431,2.6,86,71,54,Poor,Low,0,5.0,0,61,1
STD21432,9.4,56,70,70,Good,Low,0,6.4,0,77,1
STD21433,5.4,63,81,69,Fair,Medium,0,6.1,0,89,1
STD21434,10.9,83,65,56,Fair,Medium,1,6.2,0,96,1
STD21435,16.2,67,87,51,Fair,Medium,0,7.3,0,100,1
STD21436,2.7,63,79,82,Fair,Low,0,6.1,0,67,1
STD21437,10.2,89,67,67,Good,Low,1,4.2,0,99,1
STD21438,9.4,89,100,52,Fair,Medium,1,6.5,0,100,1
STD21439,19.9,86,82,48,Fair,Low,0,5.4,0,100,1
STD21440,14.2,88,89,73,Poor,Medium,0,7.4,0,100,1
STD21441,6.1,73,100,60,Fair,Medium,1,7.8,0,100,1
STD21442,9.6,73,100,56,Good,Medium,1,4.0,0,100,1
STD21443,19.8,67,88,60,Fair,Medium,1,5.8,0,100,1
STD21444,15.6,78,73,63,Poor,Low,0,7.3,1,99,1
STD21445,7.4,69,52,57,Fair,High,1,5.0,0,100,1
STD21446,10.7,70,82,76,Good,Medium,0,7.8,1,100,1
STD21447,10.8,84,98,77,Good,High,0,8.2,0,100,1
STD21448,9.3,93,84,66,Poor,Medium,1,6.6,0,100,1
STD21449,3.4,82,20,79,Fair,Medium,1,5.8,0,82,1
STD21450,8.6,100,94,58,Fair,Low,0,3.8,0,89,1
STD21451,18.9,66,95,68,Good,Medium,0,7.9,0,100,1
STD21452,10.1,50,73,73,Poor,Medium,1,9.4,0,100,1
STD21453,11.5,86,96,73,Fair,Medium,0,9.1,1,100,1
STD21454,12.7,65,89,72,Good,Low,0,6.5,0,100,1
STD21455,23.1,72,66,67,Fair,Low,0,5.4,0,100,1
STD21456,12.0,51,100,87,Fair,Low,0,7.9,0,100,1
STD21457,17.5,63,55,50,Poor,Medium,1,6.6,0,100,1
STD21458,9.0,55,77,56,Poor,Medium,0,7.4,0,78,1
STD21459,10.7,70,75,55,Good,High,0,7.2,0,100,1
STD21460,12.1,70,63,52,Good,Low,1,6.9,0,100,1
STD21461,8.1,77,83,28,Poor,Low,0,8.1,0,75,1
STD21462,11.0,93,100,79,Good,Medium,1,8.2,0,100,1
STD21463,16.4,85,100,43,Poor,Low,0,6.1,0,100,1
STD21464,8.0,53,91,61,Fair,Medium,1,5.6,0,87,1
STD21465,12.0,85,47,37,Good,Low,1,3.6,0,86,1
STD21466,15.5,78,54,67,Fair,High,1,6.3,0,100,1
STD21467,7.9,75,81,46,Fair,High,0,5.4,0,98,1
STD21468,17.5,76,77,41,Fair,Medium,1,7.3,0,100,1
STD21469,12.4,79,69,61,Poor,High,1,6.4,0,100,1
STD21470,11.2,66,100,47,Good,Medium,0,6.5,0,100,1
STD21471,2.0,73,80,49,Poor,High,0,7.9,1,66,1
STD21472,10.1,93,88,61,Poor,Low,0,7.3,0,88,1
STD21473,13.9,66,96,70,Good,High,0,6.6,0,100,1
STD21474,20.7,62,79,46,Fair,Low,0,9.0,0,100,1
STD21475,14.8,75,100,43,Fair,Medium,1,7.8,0,100,1
STD21476,17.6,60,61,58,Fair,High,1,6.3,1,91,1
STD21477,6.0,52,67,66,Poor,Medium,0,6.3,0,73,1
STD21478,11.4,71,61,80,Fair,Low,1,7.8,0,100,1
STD21479,18.1,96,100,42,Fair,Low,1,7.1,0,100,1
STD21480,7.6,75,92,53,Fair,Low,0,5.3,0,93,1
STD21481,16.8,79,68,76,Fair,Medium,1,8.0,0,100,1
STD21482,15.7,46,62,88,Good,Medium,1,8.4,0,100,1
STD21483,13.4,82,100,43,Good,Medium,1,8.3,0,100,1
STD21484,10.4,77,85,47,Fair,High,0,8.8,0,100,1
STD21485,7.1,67,100,64,Good,Low,0,9.5,0,100,1
STD21486,20.9,79,77,49,Good,High,1,9.0,0,100,1
STD21487,15.2,78,87,47,Good,Medium,0,7.2,0,100,1
STD21488,13.7,61,83,62,Good,High,0,6.5,0,100,1
STD21489,9.9,81,67,81,Poor,High,0,4.4,0,99,1
STD21490,12.2,93,75,38,Poor,High,0,6.8,1,87,1
STD21491,12.8,73,57,80,Good,Low,0,7.5,0,100,1
STD21492,14.0,64,87,49,Fair,Medium,1,6.9,1,98,1
STD21493,15.7,74,92,63,Good,High,0,4.3,0,100,1
STD21494,8.1,88,96,82,Good,Medium,1,6.4,0,100,1
STD21495,4.7,59,90,63,Poor,Low,1,7.6,0,93,1
STD21496,12.4,84,76,54,Fair,Medium,0,5.5,0,96,1
STD21497,3.3,67,100,69,Good,High,0,7.0,0,99,1
STD21498,10.4,79,94,55,Poor,Low,0,7.4,0,94,1
STD21499,9.5,68,100,66,Good,Medium,1,8.3,0,100,1
STD21500,14.5,68,100,55,Good,High,1,9.0,0,100,1
